UserID,No of Movies,Average Rating
148,624,4.0
463,123,3.0
471,105,4.0
496,119,4.0
833,21,4.0
1088,1176,3.0
1238,45,4.0
1342,92,3.0
1580,37,4.0
1591,314,4.0
1645,522,4.0
1829,30,3.0
1959,61,5.0
2122,208,4.0
2142,77,4.0
2366,41,3.0
2659,161,4.0
2866,205,3.0
3175,87,4.0
3749,118,4.0
3794,44,3.0
3918,26,3.0
3997,315,4.0
4101,95,4.0
4519,42,4.0
4818,50,4.0
4900,23,4.0
4935,22,4.0
5156,320,4.0
5300,282,4.0
5518,113,4.0
5803,66,3.0
243,33,4.0
392,487,3.0
540,39,3.0
623,172,4.0
737,217,4.0
858,190,4.0
897,203,4.0
1025,33,4.0
1084,180,3.0
1127,131,3.0
1395,312,4.0
1460,28,3.0
1483,258,3.0
1507,108,4.0
1522,78,4.0
1721,115,2.0
1896,207,4.0
1990,35,4.0
2235,142,4.0
2387,62,4.0
2563,27,3.0
2580,74,4.0
2811,81,4.0
2999,135,3.0
3179,25,3.0
3226,124,4.0
3475,622,3.0
3698,115,3.0
4158,23,4.0
4161,459,3.0
4190,99,3.0
4219,111,4.0
4929,42,4.0
5614,837,4.0
31,119,4.0
516,294,3.0
1139,182,4.0
1143,53,4.0
1270,29,3.0
1303,677,3.0
1322,384,4.0
1339,213,3.0
1352,158,4.0
1618,91,4.0
1650,213,4.0
1699,348,4.0
1903,197,4.0
2393,145,4.0
2572,151,4.0
2711,38,3.0
2776,350,4.0
2821,30,4.0
2996,477,3.0
3000,106,3.0
3213,137,4.0
3352,96,3.0
3488,21,3.0
3704,219,4.0
3761,171,4.0
4391,37,4.0
4489,424,4.0
5071,81,4.0
5117,21,3.0
5173,138,3.0
5287,212,4.0
5345,333,4.0
5984,30,5.0
85,39,3.0
137,201,4.0
251,73,4.0
451,209,5.0
580,46,3.0
808,275,3.0
1265,343,3.0
1884,707,4.0
1975,49,4.0
2025,119,4.0
2231,436,4.0
2259,229,4.0
2443,26,3.0
2488,20,4.0
2525,59,4.0
2721,34,4.0
2748,326,3.0
2923,21,4.0
3089,53,4.0
3098,92,3.0
3220,72,4.0
3490,244,4.0
3796,202,4.0
3876,44,4.0
3986,50,4.0
4042,446,3.0
4078,266,3.0
4186,640,3.0
4239,68,4.0
4364,199,3.0
4684,64,4.0
4937,214,4.0
5074,761,3.0
5155,26,3.0
5223,204,3.0
5308,40,4.0
5482,375,4.0
65,121,4.0
458,43,4.0
879,40,4.0
883,36,3.0
1223,146,4.0
1977,67,4.0
2096,121,4.0
2249,70,4.0
2392,43,4.0
2622,37,4.0
2655,76,3.0
2656,132,4.0
2833,53,3.0
2924,46,4.0
3377,168,4.0
3425,492,4.0
3561,259,4.0
3566,31,4.0
3834,562,4.0
3913,167,4.0
4000,65,4.0
4294,157,3.0
4307,34,4.0
4383,20,3.0
4957,744,3.0
5157,90,4.0
5217,132,3.0
5433,725,3.0
5513,66,4.0
5578,84,4.0
5682,608,4.0
5695,31,3.0
5697,26,4.0
5740,76,2.0
5907,48,4.0
53,684,4.0
255,244,4.0
481,198,4.0
588,453,4.0
799,40,4.0
804,44,3.0
898,24,4.0
970,549,3.0
1157,22,4.0
2027,105,4.0
2156,315,3.0
2247,257,4.0
2559,195,4.0
2802,80,4.0
2914,72,4.0
3028,113,4.0
3042,73,4.0
3105,120,4.0
3631,40,4.0
3790,125,4.0
4092,72,4.0
4357,43,4.0
4477,146,3.0
5110,25,4.0
5527,29,3.0
5847,356,4.0
5995,186,4.0
133,170,4.0
296,97,4.0
472,45,4.0
853,110,4.0
1466,252,4.0
1718,32,4.0
1766,26,3.0
1787,28,3.0
1888,34,4.0
2035,171,4.0
2238,88,4.0
2542,25,4.0
2874,103,4.0
3062,64,3.0
3242,210,4.0
3306,51,5.0
3691,302,4.0
4097,30,4.0
4291,211,4.0
4396,25,4.0
4583,27,4.0
4612,40,4.0
4799,58,4.0
4838,39,4.0
4859,43,4.0
5061,211,4.0
5100,853,4.0
5140,373,3.0
5178,272,4.0
5670,72,4.0
5929,108,3.0
6010,317,4.0
78,140,4.0
322,40,4.0
513,156,3.0
918,144,3.0
1005,92,4.0
1016,151,4.0
1133,168,3.0
1808,31,3.0
2396,36,4.0
2848,220,3.0
3577,78,4.0
3657,38,4.0
3703,50,3.0
4167,465,4.0
4531,243,3.0
4624,61,4.0
4697,148,4.0
5030,28,4.0
5211,103,4.0
5457,173,4.0
5692,61,4.0
5867,32,4.0
5920,143,4.0
5949,181,3.0
321,222,3.0
362,55,3.0
613,106,4.0
633,43,4.0
673,403,3.0
857,70,4.0
961,50,4.0
974,60,4.0
1160,107,3.0
1533,75,4.0
2479,33,4.0
2564,120,4.0
2625,142,3.0
2971,36,4.0
3087,297,4.0
3149,27,4.0
4061,38,3.0
4119,54,4.0
4126,358,4.0
4259,21,4.0
4512,159,4.0
4725,1006,3.0
5222,307,3.0
5251,168,4.0
5427,81,5.0
5529,21,4.0
5543,341,4.0
5934,30,4.0
375,51,4.0
593,106,4.0
597,57,4.0
876,111,4.0
976,55,3.0
1199,179,4.0
1212,69,4.0
1417,29,3.0
1468,102,4.0
1653,25,4.0
1743,95,4.0
2173,297,4.0
2513,66,4.0
2797,48,3.0
2835,38,4.0
3441,320,3.0
3601,158,4.0
4182,46,4.0
4401,201,4.0
4474,36,4.0
4713,66,3.0
4762,73,4.0
4782,117,4.0
4796,341,4.0
4798,119,3.0
4923,32,4.0
5235,35,4.0
5298,59,3.0
5375,29,4.0
5383,28,4.0
5571,113,3.0
5916,704,3.0
108,37,3.0
155,96,3.0
683,29,4.0
744,297,3.0
950,55,3.0
1331,150,4.0
1525,101,4.0
1561,161,4.0
1700,45,4.0
1863,104,5.0
2294,62,4.0
2606,50,4.0
2739,32,3.0
3124,26,3.0
3431,62,4.0
3436,204,4.0
3661,125,4.0
3843,66,3.0
3844,134,4.0
4418,318,4.0
4452,195,4.0
4773,103,4.0
5605,736,3.0
5771,266,3.0
5827,109,4.0
5962,25,4.0
34,164,4.0
193,242,4.0
211,35,4.0
368,320,4.0
530,105,4.0
642,27,4.0
796,460,3.0
1068,597,4.0
1198,102,4.0
1344,75,4.0
1404,332,3.0
1537,38,4.0
1675,565,3.0
1924,86,3.0
2200,76,3.0
2225,399,3.0
2663,156,4.0
2888,376,3.0
3152,31,3.0
3235,37,4.0
4132,132,4.0
4172,70,4.0
4263,38,4.0
4321,57,4.0
4517,413,3.0
5038,210,4.0
5367,1169,3.0
5417,45,3.0
6005,88,4.0
101,106,5.0
115,38,4.0
126,51,4.0
756,35,4.0
772,98,3.0
1165,141,4.0
1183,186,4.0
1378,58,5.0
1500,115,4.0
1745,70,4.0
1823,28,4.0
2003,61,4.0
2261,242,3.0
2342,77,4.0
2771,287,3.0
2907,849,3.0
3043,27,3.0
3198,105,4.0
4153,169,4.0
4181,129,3.0
4415,138,4.0
4683,66,3.0
4865,246,3.0
4917,238,3.0
4992,21,4.0
5597,208,3.0
5918,23,4.0
5926,63,4.0
81,86,4.0
385,137,4.0
830,174,4.0
847,62,4.0
874,28,4.0
939,165,4.0
1226,21,3.0
1259,60,4.0
1869,48,4.0
2007,40,4.0
2212,100,3.0
2484,547,3.0
2662,42,4.0
3008,34,4.0
3026,357,3.0
3313,473,4.0
3538,163,4.0
3611,205,4.0
3936,34,4.0
4088,403,3.0
4169,2314,4.0
4293,42,4.0
4637,378,4.0
4896,41,3.0
5055,42,4.0
5151,159,3.0
5254,81,4.0
5447,131,4.0
5452,284,3.0
5490,124,3.0
5585,245,4.0
5699,299,3.0
5785,130,4.0
28,107,4.0
183,101,4.0
210,110,4.0
436,133,4.0
1031,155,4.0
1175,72,4.0
1201,66,4.0
1426,382,3.0
1441,102,4.0
1496,597,3.0
1892,22,4.0
2052,30,3.0
2079,96,3.0
2180,409,3.0
2209,23,3.0
2313,43,4.0
2463,105,3.0
2522,74,4.0
2683,257,4.0
3234,21,4.0
3445,144,4.0
3685,307,4.0
3841,1216,3.0
4208,48,4.0
4326,127,4.0
4443,80,3.0
4918,301,3.0
4958,451,3.0
5152,27,3.0
5936,36,5.0
5961,308,3.0
5981,280,4.0
497,24,4.0
596,42,3.0
762,46,4.0
1051,862,3.0
1243,368,4.0
1274,591,4.0
1296,48,4.0
1415,179,4.0
1510,33,4.0
1621,22,3.0
2018,447,4.0
2044,25,4.0
2355,141,4.0
2583,331,4.0
2842,89,4.0
2905,126,4.0
3485,48,4.0
3650,785,4.0
3885,590,4.0
4083,766,3.0
4155,62,4.0
4230,21,4.0
4424,33,4.0
4482,782,4.0
4826,163,4.0
4829,323,4.0
5119,24,4.0
5592,127,4.0
300,249,4.0
406,147,3.0
412,476,4.0
784,30,4.0
787,117,4.0
842,37,4.0
1030,171,4.0
1034,337,3.0
1064,103,4.0
1156,72,4.0
1163,64,4.0
1489,489,2.0
1752,434,4.0
1772,34,3.0
1826,57,4.0
1974,518,4.0
2349,117,3.0
2386,71,4.0
2682,110,3.0
2778,106,4.0
2945,68,4.0
2962,625,3.0
3151,172,4.0
3582,97,4.0
3706,78,4.0
4107,350,4.0
4848,54,4.0
5188,89,4.0
5337,177,4.0
5552,54,3.0
5845,225,4.0
5880,748,3.0
5884,78,4.0
5895,58,4.0
5930,94,4.0
587,385,3.0
731,642,4.0
988,73,4.0
1276,77,4.0
1307,21,4.0
1574,52,4.0
1708,22,4.0
2015,903,3.0
2094,71,4.0
2240,99,4.0
2697,34,4.0
2752,378,3.0
3296,72,4.0
3403,205,4.0
3624,354,4.0
3626,855,4.0
3795,29,4.0
4229,63,4.0
4843,116,4.0
4858,113,4.0
4925,42,5.0
5028,23,4.0
5663,268,4.0
5691,130,4.0
5854,410,3.0
76,87,4.0
667,171,3.0
688,36,4.0
723,24,4.0
914,61,4.0
1372,53,3.0
1480,43,3.0
1816,62,4.0
1871,117,4.0
1889,624,3.0
2032,63,4.0
2467,22,4.0
2526,263,4.0
2678,42,4.0
2758,29,4.0
2871,28,4.0
3013,467,3.0
3127,41,4.0
3166,40,4.0
3252,35,3.0
3264,28,3.0
3346,229,4.0
3359,86,3.0
3435,126,4.0
3595,31,4.0
3725,26,4.0
3941,50,3.0
4197,23,4.0
4256,27,4.0
4695,30,3.0
4700,162,3.0
5006,45,4.0
5040,111,4.0
5505,92,4.0
5562,75,4.0
5642,50,3.0
5651,39,4.0
5756,38,4.0
5965,38,3.0
26,400,3.0
27,70,4.0
332,67,4.0
501,67,3.0
577,158,4.0
626,72,4.0
1235,50,4.0
1493,20,4.0
1634,106,4.0
2023,286,4.0
2335,96,4.0
2439,90,3.0
2610,46,3.0
2650,49,4.0
2754,100,4.0
2857,795,3.0
3133,21,3.0
3211,97,4.0
3270,122,4.0
3411,351,3.0
3743,32,4.0
3811,105,4.0
4758,25,4.0
4774,194,4.0
4777,37,4.0
5066,33,4.0
5095,43,4.0
5212,40,5.0
5396,81,4.0
5586,28,4.0
5758,147,4.0
5759,576,4.0
5875,138,4.0
5993,30,4.0
6011,197,4.0
384,22,4.0
831,57,4.0
1019,928,3.0
1269,32,4.0
1294,261,4.0
1927,22,4.0
2047,289,4.0
2189,35,4.0
2331,70,4.0
2750,200,4.0
3072,210,3.0
3387,137,3.0
4408,543,4.0
4830,114,4.0
4866,75,4.0
4876,36,4.0
4919,37,4.0
5024,77,4.0
5037,105,4.0
5123,102,3.0
5160,29,4.0
5258,20,4.0
5647,152,4.0
5823,105,4.0
6040,341,4.0
44,193,4.0
159,36,4.0
192,525,3.0
271,312,4.0
606,33,4.0
743,149,3.0
811,65,4.0
844,84,3.0
908,39,3.0
916,55,4.0
1135,172,4.0
1350,112,4.0
1418,286,3.0
1875,338,4.0
2134,59,4.0
2169,37,4.0
2322,66,4.0
2644,21,4.0
2738,105,4.0
3017,362,3.0
3069,215,3.0
3123,155,4.0
3183,111,3.0
3287,24,5.0
3370,198,3.0
3481,140,4.0
3528,112,3.0
3666,42,4.0
3669,436,3.0
3744,36,4.0
3783,24,4.0
3922,178,3.0
4199,47,4.0
4267,37,3.0
4354,635,4.0
4538,40,3.0
5214,31,2.0
5219,124,4.0
5405,116,4.0
5606,24,4.0
5764,55,4.0
5852,332,4.0
253,53,4.0
806,66,4.0
1148,59,4.0
1210,39,4.0
1280,50,4.0
1363,21,4.0
1689,128,4.0
1759,254,4.0
1771,24,4.0
1866,139,4.0
1877,147,3.0
1955,40,4.0
2076,83,3.0
2371,81,4.0
2601,29,4.0
2727,88,3.0
2804,171,4.0
2809,109,4.0
3010,105,3.0
3587,43,4.0
3727,460,3.0
4036,126,3.0
4209,23,4.0
4547,20,3.0
4779,213,4.0
5448,351,3.0
5480,150,3.0
5708,100,3.0
5768,74,5.0
5892,114,4.0
103,115,4.0
236,62,4.0
329,764,3.0
460,47,3.0
1056,76,3.0
1085,35,4.0
1398,38,4.0
1873,198,3.0
1890,202,4.0
2062,88,4.0
2069,75,4.0
2198,67,4.0
2323,269,4.0
2496,511,3.0
2497,121,5.0
2595,159,3.0
2629,272,4.0
3173,95,4.0
3258,40,4.0
3279,105,3.0
3284,41,4.0
3456,55,4.0
3512,409,4.0
3972,25,4.0
4025,28,4.0
4104,154,4.0
4200,49,4.0
4240,66,4.0
4286,200,4.0
4368,131,4.0
4610,160,3.0
4899,245,4.0
5080,69,4.0
5142,327,4.0
5238,22,3.0
5401,146,4.0
5891,78,4.0
6030,115,4.0
12,23,4.0
336,107,4.0
350,64,4.0
973,217,3.0
984,694,4.0
1046,26,4.0
1093,70,3.0
1260,509,4.0
2228,61,4.0
2236,95,4.0
2409,134,4.0
2531,31,4.0
2723,84,3.0
2939,148,4.0
3054,526,4.0
3196,305,3.0
3207,99,4.0
3228,156,4.0
3328,273,3.0
3548,26,3.0
3741,134,4.0
4144,140,3.0
4198,50,4.0
4305,686,4.0
4317,51,4.0
4523,394,3.0
4874,31,4.0
5087,296,4.0
5322,102,4.0
223,256,3.0
738,33,3.0
860,42,3.0
1769,73,3.0
1838,27,3.0
2006,41,4.0
2090,229,4.0
2675,44,3.0
2680,214,3.0
2684,219,4.0
2692,134,4.0
2701,114,3.0
2920,24,3.0
3037,64,4.0
3076,22,4.0
3083,99,4.0
3116,85,4.0
3171,132,4.0
3325,26,2.0
3353,235,4.0
3500,62,4.0
3679,384,4.0
3792,821,4.0
3859,309,3.0
3990,85,4.0
4033,662,4.0
4394,33,4.0
4446,422,3.0
5003,33,5.0
5069,25,5.0
5105,98,3.0
5307,57,4.0
5328,53,4.0
5422,175,4.0
5465,22,3.0
5841,334,4.0
388,59,4.0
417,22,4.0
548,118,3.0
602,154,3.0
1208,48,4.0
1775,155,4.0
2168,365,4.0
2753,505,4.0
3260,228,4.0
3502,33,4.0
3519,666,3.0
3621,379,3.0
3865,57,3.0
3912,101,4.0
4591,480,3.0
4617,73,3.0
4669,45,4.0
4873,28,4.0
4910,50,4.0
5062,24,4.0
5374,48,4.0
5886,491,3.0
5897,53,4.0
5909,29,3.0
91,44,5.0
409,297,4.0
578,28,4.0
663,112,4.0
926,105,4.0
1077,309,4.0
1564,124,3.0
1659,57,3.0
1777,55,4.0
1820,317,4.0
1978,154,3.0
2022,194,4.0
2502,21,4.0
2975,100,4.0
3216,324,3.0
3711,88,4.0
4014,225,4.0
4047,45,4.0
4227,1222,3.0
4363,192,4.0
4397,67,3.0
4526,170,4.0
4653,404,3.0
5333,839,4.0
5370,27,3.0
5765,229,3.0
5843,221,3.0
6028,47,3.0
333,227,3.0
707,52,4.0
822,292,4.0
1215,115,4.0
1290,55,4.0
1457,307,4.0
1582,22,4.0
1908,208,3.0
1925,305,4.0
2113,46,4.0
2127,168,3.0
2227,48,4.0
2237,442,4.0
2255,175,4.0
2668,218,3.0
2726,84,5.0
2772,178,4.0
2789,94,4.0
2961,44,4.0
3071,26,3.0
3184,105,4.0
3239,74,4.0
3450,189,4.0
3546,410,3.0
3814,36,4.0
3891,100,4.0
3963,457,4.0
4070,135,4.0
4389,125,3.0
4457,212,4.0
4823,470,3.0
4989,77,4.0
4994,135,4.0
5112,317,3.0
5190,43,4.0
222,80,4.0
285,139,4.0
601,373,3.0
875,84,4.0
1249,25,4.0
1324,108,4.0
1565,47,4.0
1804,116,3.0
1824,159,3.0
2031,225,4.0
2288,535,3.0
2532,31,4.0
3108,484,4.0
3180,490,3.0
3240,154,3.0
3586,163,3.0
3654,282,3.0
3673,212,4.0
3886,91,4.0
3888,151,4.0
3905,81,4.0
4090,203,4.0
4120,48,3.0
4177,152,4.0
4323,137,4.0
4387,743,3.0
4720,47,4.0
4837,328,3.0
5905,152,4.0
5932,24,3.0
22,297,3.0
128,22,4.0
209,25,3.0
330,76,4.0
372,168,5.0
604,287,3.0
685,140,3.0
727,249,4.0
995,49,4.0
1065,88,4.0
1125,580,3.0
1295,40,4.0
1332,32,4.0
1469,32,4.0
1550,29,4.0
1731,68,3.0
1796,176,4.0
1848,22,4.0
1886,26,4.0
1961,89,4.0
2242,332,4.0
2407,152,4.0
2521,54,4.0
2725,35,4.0
3200,159,4.0
3579,269,3.0
4203,145,4.0
4336,122,4.0
4403,87,4.0
4429,45,4.0
4606,106,3.0
4718,138,4.0
4788,303,3.0
5213,35,3.0
5282,300,3.0
5302,238,3.0
5320,23,3.0
5953,91,4.0
122,57,3.0
230,179,4.0
319,721,3.0
493,158,4.0
625,45,4.0
686,27,4.0
1176,126,4.0
1291,283,4.0
1583,52,4.0
2013,80,4.0
2517,50,3.0
2828,58,4.0
3689,226,3.0
3728,64,4.0
3975,92,4.0
4028,537,3.0
4251,97,4.0
4280,88,4.0
4521,229,4.0
5025,125,4.0
5500,59,4.0
5568,341,4.0
5660,34,4.0
93,220,3.0
157,427,4.0
190,153,4.0
225,508,3.0
232,90,4.0
233,53,5.0
758,29,4.0
924,199,4.0
1506,105,4.0
1633,34,3.0
2042,265,3.0
2148,255,4.0
2414,232,4.0
2724,205,4.0
2774,277,4.0
3390,203,4.0
3482,71,4.0
3884,651,3.0
4376,58,4.0
4386,873,4.0
4726,283,4.0
4727,55,4.0
5042,368,3.0
5099,203,4.0
5266,29,4.0
5516,137,4.0
5633,39,4.0
5828,20,3.0
246,29,4.0
346,283,4.0
360,67,4.0
367,28,4.0
476,431,4.0
539,132,4.0
599,27,4.0
725,81,4.0
855,630,3.0
861,80,4.0
1061,51,4.0
1588,47,4.0
2609,202,4.0
2757,129,4.0
2791,48,5.0
3244,24,4.0
3276,29,3.0
3670,68,4.0
3920,60,4.0
3991,47,3.0
4040,186,3.0
4426,75,4.0
4455,50,4.0
4530,56,4.0
4882,203,4.0
5524,166,4.0
5678,138,4.0
5786,331,3.0
5787,442,4.0
111,92,4.0
224,204,3.0
519,45,3.0
654,185,3.0
1197,24,4.0
1505,318,4.0
1729,58,3.0
1785,54,3.0
1942,59,3.0
2181,915,3.0
2404,95,4.0
2607,62,4.0
2628,203,3.0
2896,320,4.0
3132,28,3.0
3222,20,4.0
3495,21,3.0
3504,214,4.0
3817,53,3.0
3862,33,4.0
4018,145,4.0
4277,1743,4.0
4459,187,4.0
4568,305,4.0
4784,409,4.0
5084,266,3.0
5102,144,5.0
5346,54,4.0
5442,64,4.0
5478,34,4.0
5655,117,4.0
47,22,4.0
1207,618,2.0
1456,22,4.0
1477,33,4.0
1939,221,4.0
1944,68,4.0
2051,229,3.0
2064,247,4.0
2192,121,4.0
2284,52,4.0
2549,23,3.0
2612,43,3.0
2638,521,3.0
2823,47,3.0
3045,148,4.0
3140,323,4.0
3144,35,4.0
3567,69,4.0
3818,47,4.0
4076,48,4.0
4384,290,4.0
4481,62,3.0
4642,33,4.0
4655,342,4.0
4851,24,4.0
5090,420,4.0
5182,304,4.0
5388,24,4.0
5620,219,3.0
5640,34,3.0
5755,515,4.0
5838,223,4.0
6024,95,4.0
140,55,4.0
177,44,4.0
416,62,4.0
556,232,4.0
711,143,4.0
827,22,4.0
1055,78,3.0
1244,543,3.0
1300,166,3.0
1425,778,4.0
1613,795,3.0
1899,756,4.0
2037,20,3.0
2038,440,4.0
2109,749,3.0
2306,71,4.0
2398,116,4.0
2619,93,4.0
2998,54,4.0
3293,45,3.0
3498,117,4.0
3904,103,4.0
4032,153,4.0
4498,154,3.0
4507,232,4.0
4698,27,4.0
4756,27,4.0
5162,36,4.0
5335,158,4.0
5361,187,4.0
6014,106,4.0
132,89,4.0
152,24,4.0
444,120,4.0
665,20,4.0
671,135,4.0
1114,134,3.0
1206,141,4.0
2056,256,4.0
2466,203,3.0
2582,22,4.0
2829,38,3.0
3104,29,4.0
3336,667,3.0
3721,129,4.0
3734,50,3.0
3857,54,4.0
3919,69,4.0
4246,36,4.0
4327,162,4.0
4604,76,3.0
4733,104,4.0
4822,28,3.0
4828,100,4.0
5286,182,4.0
5309,20,4.0
5547,152,4.0
5593,160,4.0
5868,67,4.0
185,51,4.0
305,157,3.0
353,24,4.0
355,419,3.0
618,45,3.0
694,40,4.0
696,401,4.0
747,32,4.0
882,79,4.0
1512,34,3.0
1542,293,4.0
1586,415,4.0
1599,550,3.0
1694,398,4.0
1786,53,4.0
2045,25,4.0
2092,729,4.0
2312,35,4.0
2616,50,4.0
2882,123,3.0
2898,109,4.0
3155,85,4.0
3349,143,4.0
3379,39,4.0
3940,492,4.0
4185,52,3.0
4469,33,4.0
4641,40,4.0
4844,29,4.0
4893,90,4.0
5129,110,4.0
5334,55,2.0
5354,46,4.0
5609,40,5.0
291,102,4.0
325,43,4.0
386,260,3.0
906,21,4.0
955,338,4.0
1288,129,4.0
1306,461,4.0
1311,188,3.0
1723,146,4.0
1774,40,3.0
2082,71,4.0
2108,22,4.0
2219,210,4.0
2339,23,5.0
2483,70,4.0
2647,24,4.0
3029,761,4.0
3095,174,4.0
5018,247,4.0
5285,45,4.0
5344,197,4.0
5365,300,4.0
5450,321,3.0
5595,206,3.0
5639,43,4.0
435,132,4.0
473,49,4.0
581,48,4.0
603,63,4.0
660,703,3.0
748,81,4.0
774,224,3.0
912,43,4.0
935,388,3.0
1170,258,4.0
1266,726,3.0
1382,36,4.0
1590,40,4.0
1626,271,3.0
1681,121,4.0
2191,38,3.0
2635,59,3.0
2796,404,3.0
2840,350,3.0
2886,87,4.0
3020,170,4.0
3073,57,5.0
3121,271,3.0
3261,539,3.0
3753,49,4.0
3956,33,4.0
3976,299,4.0
4162,126,4.0
4435,53,4.0
4451,277,3.0
4524,289,3.0
4987,52,4.0
5245,30,4.0
5303,45,4.0
5315,35,4.0
5947,142,3.0
146,426,4.0
704,74,3.0
1122,114,3.0
1145,57,3.0
1247,36,4.0
1304,84,4.0
1488,21,4.0
1491,253,3.0
2320,100,3.0
2329,40,3.0
2760,68,4.0
3206,100,4.0
3421,24,4.0
3636,23,4.0
3752,185,3.0
3798,30,4.0
3923,103,4.0
3927,156,4.0
3970,253,3.0
4111,53,4.0
4174,40,4.0
4428,70,4.0
4472,493,3.0
4656,219,4.0
4663,393,3.0
4766,42,4.0
4898,239,4.0
5047,319,4.0
5306,630,3.0
5624,119,3.0
5879,55,4.0
259,139,4.0
512,37,4.0
797,83,4.0
1595,133,4.0
1664,20,3.0
1773,61,4.0
1802,211,4.0
2054,335,3.0
2239,119,4.0
2614,30,4.0
2781,284,4.0
2941,359,3.0
3025,148,4.0
3283,246,4.0
3449,64,4.0
3648,627,3.0
3819,118,4.0
3826,28,4.0
4102,89,3.0
4515,22,4.0
4561,110,4.0
4786,390,4.0
4842,69,4.0
4973,149,4.0
5499,69,5.0
5611,31,4.0
5864,39,4.0
5959,70,3.0
1,53,4.0
206,30,3.0
896,64,4.0
1008,50,4.0
1172,443,4.0
1391,209,3.0
1504,42,4.0
1516,292,3.0
2296,28,3.0
2775,29,4.0
2780,40,4.0
2786,298,4.0
2957,64,4.0
3059,44,4.0
3125,354,4.0
3208,384,3.0
3282,24,5.0
3452,85,4.0
4041,844,3.0
4311,94,3.0
4338,32,3.0
4351,169,4.0
4931,80,4.0
5192,22,4.0
5763,677,3.0
5811,308,3.0
5960,190,4.0
52,79,4.0
297,89,4.0
363,43,4.0
768,48,4.0
770,759,3.0
777,502,3.0
1302,60,4.0
1485,23,4.0
1683,175,3.0
1798,67,4.0
1812,698,4.0
1902,258,4.0
2138,60,4.0
2183,35,4.0
2364,29,4.0
2475,37,4.0
2763,25,3.0
3030,26,4.0
3060,37,4.0
3147,211,3.0
3570,22,3.0
3593,64,3.0
3622,159,4.0
3774,56,4.0
3861,41,4.0
4312,883,3.0
4315,155,4.0
4464,21,3.0
4466,122,4.0
4475,45,4.0
5496,84,4.0
5791,101,4.0
5819,30,4.0
5900,125,3.0
5950,435,3.0
5968,33,4.0
212,110,4.0
674,79,4.0
715,98,4.0
992,31,3.0
1047,76,4.0
1190,27,4.0
1400,58,4.0
1427,153,4.0
1458,97,4.0
1546,342,4.0
1651,35,3.0
2155,71,5.0
2600,91,3.0
2603,43,4.0
2637,56,3.0
2967,527,3.0
3006,52,4.0
3162,82,3.0
3453,299,3.0
3541,35,4.0
4349,27,2.0
4438,170,3.0
4569,86,4.0
4614,21,4.0
4979,882,3.0
5097,133,4.0
5122,23,4.0
5204,47,4.0
5255,149,5.0
5336,47,4.0
5341,126,4.0
5539,480,4.0
5599,231,3.0
5761,223,3.0
274,148,4.0
631,312,4.0
1434,279,2.0
1473,240,3.0
1616,254,3.0
1722,206,4.0
1878,83,4.0
1922,429,3.0
2170,126,4.0
2256,68,4.0
2344,188,3.0
2363,31,5.0
2575,169,4.0
2633,37,4.0
2698,43,4.0
2989,105,4.0
3058,145,4.0
3111,124,3.0
3172,108,4.0
3192,150,4.0
3210,149,5.0
3446,36,4.0
3474,200,4.0
3607,260,3.0
3754,304,4.0
3987,46,3.0
4093,157,4.0
4325,24,3.0
4450,81,3.0
4680,322,4.0
4688,132,4.0
4775,20,3.0
5000,401,4.0
5077,424,4.0
5114,149,4.0
5588,37,4.0
182,83,4.0
442,423,4.0
689,135,3.0
699,674,3.0
792,87,3.0
1137,564,4.0
1323,148,4.0
1399,288,4.0
1608,144,2.0
1644,48,3.0
1770,89,3.0
1822,67,4.0
2059,253,4.0
2213,39,4.0
2380,406,3.0
2768,80,4.0
3032,1019,4.0
3197,136,3.0
3272,836,4.0
3978,132,4.0
4288,27,4.0
4304,25,4.0
4757,97,4.0
4877,95,4.0
4936,40,4.0
5082,232,4.0
5144,32,4.0
5231,28,4.0
5621,477,3.0
5649,200,4.0
13,108,3.0
218,86,3.0
280,50,4.0
348,100,4.0
440,29,4.0
734,44,4.0
1663,46,4.0
1682,27,4.0
2318,69,3.0
2337,55,4.0
2383,456,4.0
2455,192,3.0
2471,37,3.0
2536,57,3.0
2956,27,3.0
3022,150,3.0
3231,153,4.0
3484,206,3.0
3572,111,4.0
3786,63,4.0
4016,678,3.0
4151,36,4.0
4297,47,4.0
4487,60,4.0
5193,204,4.0
5590,33,4.0
5612,36,3.0
5992,67,3.0
6,71,4.0
16,35,3.0
86,48,4.0
474,318,3.0
636,86,4.0
760,64,4.0
1089,72,4.0
1100,508,2.0
1155,182,3.0
1267,170,4.0
1367,211,4.0
2102,530,3.0
2210,29,4.0
2281,77,4.0
2433,34,4.0
2685,196,4.0
3720,207,3.0
4030,124,3.0
4365,20,3.0
4420,50,4.0
4977,183,3.0
5281,260,4.0
5343,36,5.0
5398,28,4.0
5967,22,4.0
168,26,4.0
205,153,4.0
572,20,3.0
852,34,4.0
887,96,4.0
1952,251,3.0
2158,113,4.0
2470,23,3.0
2520,48,4.0
2699,100,4.0
2911,63,4.0
3813,67,4.0
4220,248,4.0
4565,36,4.0
4570,38,3.0
4672,23,4.0
4914,52,4.0
4966,48,4.0
5001,225,4.0
5016,96,3.0
5158,204,4.0
5167,150,4.0
5234,212,4.0
5382,67,4.0
5770,139,4.0
5777,125,4.0
3,51,4.0
142,47,3.0
178,115,4.0
925,68,3.0
972,35,3.0
998,135,4.0
1062,194,4.0
1082,57,4.0
1218,235,3.0
1242,616,4.0
1380,253,3.0
1749,562,3.0
1834,65,4.0
2196,36,4.0
2422,21,4.0
2481,132,4.0
2537,554,3.0
2597,65,4.0
2877,46,3.0
2879,25,4.0
3340,119,4.0
3509,404,3.0
3549,37,4.0
3602,86,4.0
3645,69,4.0
3700,66,4.0
3908,160,4.0
4013,224,3.0
4091,104,3.0
4202,23,4.0
4588,47,4.0
4738,195,4.0
4806,159,4.0
5004,41,4.0
5056,194,4.0
5230,130,4.0
5357,48,4.0
5676,146,3.0
5701,119,4.0
308,557,3.0
328,62,3.0
867,44,4.0
1130,279,4.0
1410,78,4.0
1627,48,3.0
1646,62,3.0
1783,21,4.0
1934,59,3.0
1956,65,3.0
2040,46,3.0
2292,20,3.0
2831,36,4.0
2852,135,4.0
3413,127,4.0
3557,392,4.0
3659,96,4.0
3890,71,4.0
3893,50,3.0
4831,237,4.0
4944,22,4.0
4993,47,4.0
5031,61,4.0
5325,48,3.0
5359,510,4.0
5381,24,4.0
5790,93,4.0
5862,200,5.0
5871,100,4.0
5983,28,4.0
20,24,4.0
40,96,3.0
164,26,4.0
429,346,3.0
470,68,4.0
839,774,4.0
1275,30,4.0
1636,170,3.0
1988,629,4.0
1997,40,4.0
2161,120,4.0
2391,71,4.0
2577,52,3.0
2686,21,3.0
3115,36,3.0
3167,220,4.0
3195,192,4.0
3314,334,4.0
3415,166,4.0
3667,55,4.0
3708,35,4.0
3925,108,4.0
3983,130,3.0
4094,270,4.0
4347,138,4.0
4645,126,4.0
4681,162,4.0
4729,235,4.0
5120,193,4.0
5520,166,4.0
5724,97,4.0
5933,41,4.0
169,552,4.0
500,101,4.0
1171,28,4.0
1349,43,5.0
1353,63,3.0
2193,27,4.0
2326,56,4.0
2351,143,3.0
2729,23,4.0
3764,27,4.0
3793,133,3.0
4355,51,3.0
4562,302,4.0
4905,100,3.0
5339,108,4.0
5445,149,4.0
5538,174,4.0
5818,32,3.0
5914,35,4.0
5971,163,4.0
139,245,4.0
283,27,5.0
359,49,4.0
479,93,4.0
1144,22,4.0
1444,29,4.0
1461,50,3.0
1994,29,4.0
2026,218,4.0
2071,238,3.0
2519,47,4.0
2681,223,4.0
2736,101,4.0
2808,139,4.0
2880,273,3.0
3419,120,4.0
3539,1078,4.0
4012,47,3.0
4258,400,4.0
4352,472,3.0
4620,132,4.0
4644,143,3.0
4991,20,3.0
5247,31,3.0
5338,104,4.0
5424,135,4.0
5444,39,3.0
5461,48,4.0
5485,114,4.0
5577,29,3.0
295,191,4.0
340,108,4.0
431,84,4.0
692,631,4.0
881,914,3.0
980,135,3.0
1021,131,5.0
1245,36,4.0
1335,307,3.0
1538,93,4.0
1670,56,5.0
2185,293,4.0
2695,63,4.0
2712,68,4.0
2837,235,3.0
2849,155,5.0
3439,89,4.0
3497,92,4.0
3625,202,3.0
3791,126,3.0
4279,490,3.0
4314,33,4.0
4510,1240,3.0
4564,26,4.0
4639,52,4.0
4807,92,4.0
4995,356,3.0
5237,55,3.0
5373,32,4.0
5564,45,3.0
5887,82,4.0
6020,43,4.0
94,21,4.0
250,20,4.0
377,136,4.0
402,284,4.0
432,73,3.0
582,78,4.0
1273,334,4.0
1301,297,4.0
1394,27,3.0
1455,61,4.0
2560,40,4.0
2867,28,4.0
3067,826,4.0
3120,37,4.0
3529,227,3.0
3690,401,3.0
3863,25,4.0
4001,434,3.0
4038,23,4.0
4074,26,4.0
4118,207,4.0
4176,22,5.0
4504,25,4.0
4615,148,4.0
5206,29,4.0
5440,35,4.0
5510,62,4.0
5551,64,3.0
5591,46,4.0
5817,26,4.0
5937,102,3.0
57,64,3.0
570,237,3.0
868,75,4.0
920,78,3.0
1026,44,4.0
1628,451,4.0
2343,36,4.0
2384,31,4.0
2489,397,3.0
2653,29,4.0
2885,192,4.0
3399,154,4.0
3489,105,3.0
3699,61,5.0
3709,331,3.0
4137,85,4.0
5246,130,4.0
5324,173,4.0
5492,380,3.0
5553,263,4.0
6002,335,4.0
647,231,3.0
966,165,4.0
1074,192,3.0
1113,319,4.0
1467,88,4.0
1615,21,3.0
1818,43,4.0
1968,444,3.0
2405,59,4.0
2464,35,4.0
2666,94,4.0
2694,72,5.0
2782,60,4.0
3613,70,4.0
3871,114,3.0
3932,32,4.0
4166,24,4.0
4544,48,4.0
4781,43,4.0
4852,243,4.0
5274,25,3.0
5467,27,4.0
5541,27,4.0
5948,398,4.0
6032,104,4.0
292,41,4.0
306,193,4.0
339,124,4.0
676,390,3.0
919,326,4.0
923,46,4.0
944,45,4.0
983,78,4.0
1069,609,3.0
1146,378,3.0
1251,45,3.0
1355,53,4.0
1517,64,4.0
2177,203,4.0
2651,116,3.0
3012,322,3.0
3269,83,4.0
3324,21,5.0
3388,21,4.0
3506,68,4.0
3649,51,4.0
3815,120,4.0
3996,112,4.0
4157,56,3.0
4356,256,4.0
4603,37,4.0
4820,36,3.0
4846,30,4.0
5347,263,3.0
5507,44,3.0
54,40,4.0
120,63,4.0
559,21,3.0
969,26,4.0
1028,61,4.0
1499,130,4.0
1781,106,3.0
1917,97,4.0
2014,54,4.0
2232,318,4.0
2779,171,4.0
3209,230,2.0
3309,271,4.0
3730,29,4.0
3757,201,4.0
3810,67,4.0
3827,186,4.0
3856,47,4.0
3858,162,4.0
3969,20,4.0
4136,39,5.0
4221,89,4.0
4399,34,3.0
4631,129,4.0
4692,33,4.0
4928,329,3.0
5148,103,4.0
5225,212,4.0
5555,548,3.0
6017,33,4.0
6027,36,4.0
491,25,4.0
634,67,4.0
646,254,4.0
1191,105,4.0
1665,63,4.0
1847,41,4.0
2223,528,3.0
2245,51,3.0
2485,246,4.0
2613,22,4.0
2618,25,3.0
2640,21,4.0
3049,71,4.0
3534,55,4.0
3726,340,3.0
3759,103,4.0
3833,312,4.0
3967,446,3.0
4125,45,3.0
4425,934,3.0
4557,86,4.0
5039,360,2.0
5086,161,4.0
5103,305,4.0
5189,42,4.0
5466,228,4.0
96,81,4.0
235,440,4.0
545,29,3.0
620,179,3.0
776,103,4.0
846,253,4.0
871,43,4.0
1435,35,3.0
1551,166,4.0
1605,964,3.0
1701,552,4.0
1951,128,3.0
2412,30,4.0
2646,23,4.0
3034,28,4.0
3084,78,4.0
3232,64,3.0
3350,46,4.0
3473,159,4.0
4043,133,4.0
4159,22,4.0
4226,37,4.0
4765,267,4.0
4832,131,4.0
4839,23,3.0
4976,58,3.0
5096,268,3.0
5147,37,4.0
5545,152,4.0
5638,102,4.0
5716,212,4.0
452,132,4.0
732,175,3.0
840,251,4.0
1029,256,3.0
1032,103,4.0
1167,70,3.0
1464,108,4.0
1518,25,4.0
2224,38,4.0
2447,57,4.0
2477,61,4.0
2535,66,4.0
3001,309,4.0
3027,23,4.0
3075,265,4.0
3458,164,4.0
3632,29,3.0
3663,91,3.0
3683,589,3.0
3702,47,4.0
4024,252,3.0
4027,51,4.0
5036,48,3.0
5203,36,4.0
5526,284,4.0
5626,173,4.0
5890,329,4.0
5954,1000,3.0
48,598,3.0
266,50,5.0
507,42,4.0
544,81,4.0
650,38,4.0
1811,30,4.0
1835,770,4.0
1930,324,3.0
2203,539,4.0
2375,27,4.0
2458,165,3.0
2602,29,3.0
2740,145,4.0
2803,111,4.0
3364,112,4.0
3894,159,4.0
4508,1211,3.0
4529,47,4.0
5010,52,4.0
5657,198,4.0
5,198,3.0
163,514,2.0
191,30,3.0
268,261,3.0
1087,392,4.0
1341,87,2.0
1360,103,4.0
1407,182,4.0
1711,29,4.0
1855,83,3.0
2128,20,4.0
2368,232,4.0
2985,184,4.0
3135,123,4.0
3249,65,4.0
3937,73,4.0
4212,155,4.0
4244,20,4.0
4543,1050,3.0
4739,107,4.0
4751,29,4.0
5132,58,4.0
5176,46,4.0
5392,22,4.0
5694,25,4.0
258,145,4.0
279,47,3.0
709,82,3.0
959,96,4.0
1010,1004,2.0
1232,135,4.0
1357,177,3.0
1806,214,4.0
2072,205,4.0
2197,56,4.0
2252,23,3.0
2268,23,4.0
2437,42,4.0
2499,47,4.0
2824,248,4.0
3007,239,3.0
3552,20,3.0
3677,141,4.0
4454,160,3.0
4660,41,4.0
4703,23,4.0
5057,74,4.0
5311,46,3.0
5546,34,3.0
5625,152,4.0
5736,105,4.0
5824,550,3.0
729,146,4.0
1642,74,4.0
1748,589,3.0
2105,517,3.0
2492,89,4.0
2515,51,4.0
2630,54,4.0
2755,23,4.0
3150,77,4.0
3257,81,4.0
3369,32,4.0
3655,32,4.0
3750,39,3.0
3816,318,4.0
4506,536,4.0
4528,62,3.0
4536,34,4.0
4559,43,4.0
4627,103,4.0
4867,622,4.0
4927,126,4.0
5360,38,3.0
5488,253,3.0
5735,23,4.0
5826,237,4.0
5924,154,4.0
5940,46,3.0
19,255,4.0
397,34,4.0
430,63,4.0
754,157,4.0
989,44,5.0
1420,279,4.0
1436,66,4.0
1856,134,5.0
2085,272,4.0
2451,159,3.0
2554,42,4.0
2571,68,4.0
2623,54,4.0
2652,41,4.0
2742,108,3.0
2761,483,4.0
2822,62,4.0
2844,108,3.0
2930,20,3.0
2950,67,3.0
3039,61,4.0
3138,212,3.0
3457,160,4.0
3635,163,4.0
3947,102,4.0
4204,240,4.0
4295,40,2.0
4320,81,4.0
4324,33,4.0
4390,278,3.0
4608,76,4.0
4849,157,4.0
4952,100,4.0
4962,217,4.0
5015,644,4.0
5109,131,4.0
5227,157,3.0
5463,280,4.0
92,430,3.0
419,108,4.0
542,34,4.0
553,64,4.0
560,137,4.0
836,70,2.0
1192,29,4.0
1541,26,4.0
1807,202,4.0
1938,175,3.0
2218,34,4.0
2374,159,4.0
2664,367,3.0
2785,163,3.0
2903,146,4.0
2964,48,5.0
2994,377,3.0
3584,67,3.0
3676,101,4.0
3930,194,4.0
4237,123,4.0
4381,443,3.0
4483,188,3.0
4961,177,3.0
5054,715,3.0
5243,26,3.0
5385,46,4.0
5489,70,4.0
5917,230,4.0
5964,549,4.0
415,271,4.0
780,512,3.0
1128,498,3.0
1227,154,4.0
1475,79,4.0
1486,48,4.0
1739,78,4.0
2176,179,4.0
2836,22,3.0
2856,52,4.0
2892,93,4.0
3327,358,4.0
4322,395,3.0
4405,45,4.0
4494,74,4.0
5150,36,4.0
5327,163,4.0
5702,117,4.0
5738,526,3.0
257,53,4.0
299,104,4.0
641,121,4.0
644,108,3.0
826,35,3.0
1186,206,4.0
1250,21,4.0
1314,228,3.0
1497,199,4.0
1521,72,3.0
1569,90,5.0
1751,21,4.0
1841,227,3.0
1843,119,4.0
2153,353,4.0
2418,57,3.0
3097,63,4.0
3119,90,3.0
3243,229,4.0
3332,102,3.0
4034,108,4.0
4262,38,4.0
4318,480,4.0
4419,20,3.0
4623,38,4.0
5554,104,4.0
5579,24,4.0
5594,130,4.0
5751,90,4.0
64,27,4.0
117,505,3.0
227,28,3.0
579,69,4.0
1220,195,3.0
1222,68,3.0
1225,28,4.0
1299,234,4.0
1478,32,4.0
1490,180,4.0
1603,70,4.0
1874,64,4.0
2131,321,3.0
2743,439,4.0
2845,54,4.0
2891,58,3.0
2895,513,4.0
2984,24,4.0
2987,54,4.0
3056,263,4.0
3080,551,4.0
3181,25,4.0
3806,167,3.0
3931,233,4.0
4130,172,4.0
4247,76,3.0
4465,86,3.0
4476,203,4.0
4870,116,4.0
5580,413,4.0
5610,40,4.0
5656,28,3.0
5713,31,3.0
504,108,4.0
554,43,4.0
598,38,3.0
764,139,5.0
886,35,4.0
936,88,4.0
1002,66,4.0
1048,41,4.0
1050,564,3.0
1166,26,4.0
1252,118,4.0
1255,235,4.0
1298,614,4.0
1375,60,4.0
1692,207,4.0
1733,839,4.0
1973,38,4.0
2220,29,4.0
2286,45,4.0
2627,485,3.0
2909,1258,4.0
3281,190,4.0
3694,53,4.0
3762,413,3.0
4134,118,4.0
4374,127,4.0
41,25,3.0
154,44,3.0
309,123,4.0
425,189,4.0
904,246,3.0
931,157,4.0
1181,1521,3.0
1189,25,4.0
1321,171,3.0
1326,37,4.0
1452,20,4.0
1530,404,4.0
1559,51,4.0
1846,61,4.0
1979,35,3.0
2041,556,4.0
2150,34,4.0
3341,151,4.0
3440,27,4.0
3573,36,3.0
3574,179,4.0
3675,849,3.0
3943,65,4.0
4006,210,4.0
4017,39,3.0
4110,21,4.0
4191,26,4.0
4249,103,3.0
4445,125,3.0
4505,279,4.0
5265,283,4.0
5291,66,4.0
5428,388,4.0
5728,323,3.0
5896,208,3.0
347,99,4.0
447,37,5.0
455,25,4.0
484,34,4.0
607,25,4.0
1035,91,4.0
1529,30,4.0
1632,768,3.0
1688,132,4.0
2190,130,4.0
2365,47,4.0
2410,114,4.0
2569,46,3.0
2801,101,3.0
2810,401,3.0
2847,396,3.0
2910,143,4.0
3256,58,4.0
3285,627,3.0
3522,62,4.0
4276,82,4.0
4393,20,4.0
4416,165,4.0
4478,446,3.0
4647,893,3.0
4902,135,4.0
5572,70,4.0
5789,46,4.0
15,201,3.0
43,24,4.0
845,52,4.0
1136,56,3.0
1151,308,4.0
1253,74,4.0
1827,49,4.0
1861,460,3.0
2346,69,4.0
2420,47,4.0
2545,51,4.0
3112,213,3.0
3118,570,4.0
3320,559,3.0
3333,192,4.0
3382,56,3.0
3434,174,4.0
3638,125,3.0
3686,75,4.0
3789,151,4.0
4015,104,4.0
4235,126,4.0
4308,104,3.0
4441,30,3.0
4460,145,3.0
4534,77,4.0
4629,32,3.0
4742,249,3.0
5171,28,4.0
5330,62,3.0
5420,175,3.0
5494,80,4.0
5667,328,4.0
5743,30,4.0
5844,86,4.0
5870,39,4.0
262,106,3.0
511,27,4.0
929,355,4.0
1052,67,4.0
1756,49,3.0
1904,352,3.0
1946,78,4.0
2385,23,4.0
2565,300,4.0
2691,241,4.0
2741,35,4.0
2798,77,4.0
2834,22,4.0
3040,24,4.0
3310,66,4.0
3383,51,4.0
3527,39,4.0
3612,215,4.0
3824,1018,3.0
3835,91,4.0
4145,25,4.0
4638,37,3.0
5210,65,4.0
5220,720,3.0
5474,47,4.0
5576,290,4.0
5675,586,4.0
5688,100,3.0
112,60,4.0
269,30,4.0
1045,37,4.0
1194,649,3.0
1750,73,3.0
1793,287,3.0
1947,147,4.0
2438,200,4.0
2524,26,3.0
3015,42,3.0
3086,113,4.0
3898,101,4.0
4037,53,4.0
4195,101,4.0
4448,1014,4.0
4741,22,4.0
5446,126,4.0
5744,440,4.0
5861,187,4.0
5874,299,4.0
327,236,4.0
563,346,3.0
615,94,4.0
849,117,3.0
1263,279,3.0
1470,710,3.0
1576,48,4.0
1732,34,4.0
1894,172,4.0
2106,900,2.0
2246,172,4.0
2257,35,4.0
2278,67,3.0
2494,38,3.0
2794,143,4.0
2841,445,4.0
3404,26,4.0
3517,122,4.0
3674,91,4.0
3766,124,3.0
3999,742,3.0
4073,24,4.0
4348,24,4.0
4520,285,4.0
4662,175,3.0
4816,372,4.0
4885,30,4.0
4956,253,4.0
5094,59,4.0
5186,73,4.0
5316,39,4.0
5329,544,4.0
5619,92,4.0
5876,23,4.0
5941,32,4.0
165,110,4.0
666,103,4.0
775,23,4.0
1091,33,3.0
1132,163,4.0
1182,364,3.0
1240,30,3.0
1330,46,4.0
1654,47,4.0
1697,354,4.0
1703,26,4.0
1800,252,4.0
1901,150,4.0
2019,34,4.0
2428,83,4.0
2764,354,4.0
3074,142,4.0
3262,91,3.0
3401,837,3.0
4595,76,5.0
4847,72,4.0
4921,207,4.0
4967,104,4.0
5044,137,4.0
5088,31,4.0
5166,116,4.0
5462,36,4.0
5476,34,4.0
5509,103,3.0
358,72,4.0
366,259,4.0
843,126,4.0
854,506,3.0
1286,68,4.0
1831,111,4.0
1971,33,4.0
2036,65,4.0
2157,148,3.0
2620,156,4.0
2732,45,4.0
2734,121,4.0
3092,53,4.0
3305,104,4.0
3330,24,4.0
3637,66,3.0
3664,134,3.0
3907,52,4.0
4007,544,3.0
4238,819,3.0
4353,132,4.0
4712,37,3.0
5048,89,4.0
5411,24,3.0
5471,25,4.0
5495,31,4.0
179,110,3.0
189,31,4.0
207,23,4.0
489,24,3.0
590,166,4.0
675,42,3.0
862,116,4.0
1073,116,4.0
1119,395,4.0
1180,37,4.0
1527,104,3.0
1635,793,4.0
1649,57,4.0
1828,143,3.0
1950,137,4.0
2149,53,4.0
2354,65,4.0
2413,27,3.0
2817,82,4.0
2876,190,4.0
2942,129,4.0
3277,150,4.0
3609,145,3.0
3723,39,4.0
3832,108,4.0
4648,37,4.0
4864,33,4.0
4930,96,4.0
4933,302,4.0
5124,268,4.0
5727,51,3.0
5869,76,4.0
5982,127,4.0
6019,89,3.0
37,53,4.0
383,21,4.0
659,110,4.0
1310,24,4.0
1362,219,3.0
1396,186,4.0
1624,350,3.0
1747,108,2.0
2241,128,4.0
2267,53,4.0
2336,21,4.0
2468,125,4.0
2534,38,3.0
2556,47,3.0
2703,92,4.0
3212,26,3.0
3280,649,3.0
3412,293,4.0
3717,299,4.0
4113,33,4.0
4281,204,4.0
4658,556,2.0
4793,173,3.0
4999,68,4.0
5043,25,4.0
5146,30,3.0
5573,172,4.0
5851,162,4.0
5946,93,4.0
61,36,3.0
127,174,4.0
316,77,4.0
461,512,3.0
502,24,4.0
523,100,4.0
819,62,3.0
937,348,4.0
1231,110,4.0
1334,59,4.0
1913,44,4.0
2067,199,4.0
2932,28,4.0
3003,79,4.0
3163,858,4.0
3301,310,4.0
3323,126,4.0
3610,696,2.0
3784,41,4.0
4296,62,4.0
4518,84,5.0
4572,145,4.0
4625,81,3.0
4694,70,4.0
4740,51,4.0
4857,61,3.0
4948,507,3.0
5183,101,4.0
5252,65,4.0
5288,43,4.0
5404,210,4.0
5409,21,3.0
5618,98,4.0
88,68,4.0
197,22,4.0
486,39,4.0
531,867,3.0
903,74,3.0
979,74,4.0
993,58,3.0
1487,41,3.0
1725,36,4.0
1949,102,4.0
1966,44,4.0
2567,336,3.0
3199,100,3.0
3334,100,4.0
3398,55,4.0
3410,731,3.0
3426,120,4.0
3471,824,3.0
3955,152,3.0
4211,24,3.0
4485,143,3.0
4542,28,4.0
4717,81,4.0
4770,33,4.0
4772,100,4.0
4808,939,3.0
4875,100,4.0
4884,388,4.0
5548,168,3.0
5598,144,4.0
5632,60,4.0
318,21,4.0
462,177,4.0
547,78,4.0
1124,389,4.0
1216,213,4.0
1248,94,4.0
1271,170,4.0
1696,314,4.0
1858,98,4.0
2060,261,3.0
2275,37,4.0
2401,50,4.0
2657,22,4.0
2735,24,3.0
2819,20,4.0
2887,592,4.0
3011,92,4.0
3068,21,4.0
3476,705,3.0
3634,23,3.0
3697,136,4.0
3797,27,3.0
3805,37,4.0
3839,88,3.0
4143,24,4.0
4264,21,4.0
4545,30,4.0
4668,32,4.0
4809,178,4.0
4907,184,3.0
5191,36,4.0
5283,291,4.0
5372,36,4.0
5397,388,3.0
5760,32,4.0
107,121,4.0
202,670,3.0
263,92,4.0
374,52,4.0
564,50,4.0
619,22,4.0
891,223,4.0
1108,44,4.0
1158,64,4.0
1641,232,3.0
1736,195,3.0
2004,109,4.0
2279,420,4.0
2589,212,4.0
2826,264,4.0
2926,342,3.0
2968,170,4.0
3122,27,3.0
3420,220,4.0
3501,197,4.0
3671,104,4.0
3773,361,3.0
3981,217,4.0
4059,45,3.0
4382,104,3.0
4743,30,4.0
5180,117,4.0
5737,85,4.0
6006,124,3.0
6009,64,3.0
6029,31,4.0
9,106,4.0
17,211,4.0
231,97,4.0
552,97,4.0
1123,30,3.0
1219,224,4.0
1406,20,4.0
1520,23,4.0
1597,230,4.0
1991,24,4.0
2141,25,4.0
2403,180,3.0
2473,38,4.0
2654,100,4.0
2702,41,2.0
2777,875,3.0
2805,88,4.0
3047,70,4.0
3066,90,4.0
3141,61,4.0
3298,32,4.0
3451,62,4.0
3562,683,3.0
3687,191,3.0
3902,165,5.0
3952,58,4.0
4127,89,4.0
4285,516,4.0
4511,147,4.0
4576,24,4.0
4812,127,3.0
4946,257,4.0
5137,116,4.0
5257,97,4.0
5342,112,4.0
5423,98,4.0
5470,104,4.0
324,76,3.0
586,35,4.0
609,52,4.0
1164,458,3.0
1329,410,3.0
1351,20,4.0
1706,210,4.0
1720,46,4.0
1967,24,4.0
2164,471,4.0
2305,77,3.0
2770,47,4.0
2861,46,3.0
3051,408,3.0
3254,23,4.0
3619,101,4.0
3658,266,4.0
3779,56,4.0
4023,87,3.0
4546,50,4.0
4589,108,5.0
4593,300,3.0
4633,81,4.0
4940,284,4.0
5067,35,4.0
5249,338,3.0
5348,50,3.0
5661,125,4.0
5680,159,4.0
5715,84,4.0
5801,172,4.0
5997,57,4.0
72,43,4.0
286,43,4.0
398,225,4.0
505,115,4.0
538,48,4.0
1293,68,3.0
1403,65,4.0
1600,394,3.0
1778,546,4.0
2048,35,4.0
2078,102,4.0
2087,53,4.0
2107,29,4.0
2244,429,3.0
2269,25,3.0
2598,27,4.0
2688,135,3.0
2759,20,4.0
2783,54,4.0
2972,169,3.0
3114,105,3.0
3615,174,3.0
3620,431,3.0
4480,467,3.0
4571,102,4.0
4587,44,3.0
4912,22,4.0
5216,20,3.0
5741,47,3.0
5750,119,4.0
5800,23,3.0
5945,34,4.0
1017,521,3.0
1211,397,4.0
1509,297,3.0
1969,517,4.0
2089,95,4.0
2205,509,3.0
2211,298,4.0
2588,41,4.0
2720,38,3.0
3300,362,4.0
3392,30,4.0
4500,28,3.0
4537,25,4.0
4983,143,4.0
5353,118,4.0
5421,80,4.0
5453,247,4.0
5515,45,4.0
5560,82,4.0
5664,287,4.0
5748,54,4.0
5772,22,3.0
5829,73,4.0
5943,65,4.0
175,317,4.0
387,68,4.0
423,64,3.0
695,191,4.0
746,424,3.0
1057,179,4.0
1159,121,3.0
1698,957,4.0
1865,334,4.0
1982,155,3.0
2029,227,3.0
2271,329,4.0
3161,71,4.0
3408,116,4.0
4409,109,4.0
4889,262,4.0
5975,54,4.0
381,35,4.0
498,172,4.0
721,666,4.0
850,554,4.0
1118,30,4.0
1121,289,4.0
1161,95,4.0
1850,77,4.0
2206,156,4.0
2490,22,4.0
2718,117,4.0
3374,104,4.0
3433,88,3.0
3606,35,4.0
3897,21,4.0
3958,164,4.0
4115,517,4.0
4447,982,3.0
4567,88,4.0
4578,560,4.0
4754,248,4.0
5521,52,4.0
5532,102,3.0
5659,209,3.0
5778,66,4.0
5969,91,4.0
35,198,4.0
503,29,4.0
583,174,4.0
594,159,4.0
610,126,3.0
614,54,4.0
761,20,5.0
880,115,3.0
1072,105,4.0
1369,404,4.0
1519,87,4.0
1589,99,4.0
1815,39,4.0
1881,57,4.0
2080,32,4.0
2324,89,4.0
2444,105,3.0
2445,244,4.0
2649,215,3.0
2915,72,4.0
3065,282,4.0
3137,51,3.0
3316,42,4.0
3468,66,4.0
3499,437,3.0
3545,28,3.0
3571,104,3.0
3875,39,4.0
3900,409,4.0
3966,53,4.0
4343,215,3.0
4412,102,3.0
4552,115,4.0
4736,318,3.0
4768,72,4.0
4824,227,4.0
5052,21,4.0
5264,159,4.0
5709,124,4.0
5749,407,4.0
5966,65,3.0
5970,45,4.0
5999,27,4.0
677,205,4.0
739,127,4.0
1059,513,3.0
1142,263,3.0
1379,32,3.0
1384,22,3.0
1386,82,4.0
1536,36,4.0
1932,78,4.0
2298,120,3.0
2304,873,4.0
2356,24,4.0
2716,24,4.0
2875,35,4.0
2947,136,4.0
3099,159,3.0
3139,59,4.0
3201,446,4.0
3511,206,4.0
3681,668,4.0
3740,47,4.0
3854,82,4.0
3962,70,3.0
4075,54,4.0
4184,26,3.0
4274,153,3.0
4423,42,4.0
4577,172,3.0
5032,103,4.0
5130,28,4.0
5331,80,3.0
5540,78,4.0
5767,349,4.0
5972,437,4.0
310,223,3.0
485,45,4.0
568,25,4.0
698,270,4.0
742,42,4.0
838,176,4.0
870,36,4.0
900,26,4.0
1377,521,3.0
1513,143,4.0
1539,27,4.0
1814,49,4.0
2099,36,4.0
2273,71,4.0
2297,42,4.0
2442,29,4.0
2523,130,4.0
2584,20,4.0
2667,32,3.0
2906,55,3.0
3102,34,3.0
3304,170,4.0
3588,225,4.0
3934,703,3.0
3938,94,4.0
4133,118,3.0
4223,163,3.0
4453,55,3.0
4626,386,4.0
4840,72,4.0
4855,219,3.0
5271,427,4.0
5558,247,2.0
5575,272,3.0
5704,93,4.0
5814,29,4.0
196,32,4.0
437,52,4.0
456,157,3.0
829,138,4.0
834,50,4.0
1154,24,3.0
1272,284,4.0
1438,44,3.0
1451,751,4.0
1789,58,4.0
1945,73,3.0
1957,50,4.0
2135,26,4.0
2202,71,3.0
2369,29,4.0
2469,58,4.0
2855,73,3.0
3129,503,3.0
3823,633,4.0
4440,85,4.0
4950,474,4.0
5317,543,4.0
5386,161,4.0
5531,148,4.0
217,20,4.0
290,33,3.0
441,47,4.0
733,117,4.0
800,266,3.0
884,99,4.0
948,517,4.0
986,22,4.0
1560,164,3.0
1643,233,4.0
1657,45,4.0
1735,77,3.0
1833,100,3.0
2171,101,4.0
2174,178,4.0
2338,187,4.0
2561,77,4.0
3422,383,3.0
3423,317,4.0
3563,211,4.0
3647,33,4.0
3710,69,4.0
3971,368,3.0
4068,20,4.0
4345,592,4.0
4495,36,4.0
4650,144,3.0
4897,400,3.0
5029,160,3.0
5387,731,4.0
5630,263,4.0
5856,64,4.0
6015,57,4.0
6031,51,4.0
229,212,3.0
307,182,5.0
326,379,3.0
537,98,4.0
766,47,4.0
823,121,4.0
960,128,4.0
1037,38,4.0
1096,268,3.0
1545,217,3.0
1727,514,4.0
2081,49,3.0
2631,89,4.0
2904,51,4.0
2983,55,4.0
3085,123,4.0
3273,20,4.0
3326,38,4.0
3513,311,3.0
4290,57,4.0
4361,132,4.0
4444,80,4.0
4613,82,4.0
4916,170,2.0
4924,41,4.0
5503,45,4.0
5600,266,4.0
5840,235,4.0
5923,35,4.0
5938,190,4.0
5956,293,3.0
114,98,4.0
173,561,4.0
220,102,4.0
278,198,4.0
301,357,4.0
494,191,4.0
669,419,4.0
713,242,3.0
810,126,4.0
813,67,3.0
890,228,4.0
1036,50,4.0
1205,85,4.0
1737,775,3.0
2111,20,4.0
2402,529,3.0
2495,39,3.0
2872,423,4.0
2929,362,4.0
2970,48,4.0
2991,58,4.0
3018,610,4.0
3660,58,4.0
4210,131,4.0
4215,289,4.0
4690,74,4.0
4881,22,4.0
5127,51,3.0
5131,394,3.0
5149,30,4.0
5319,388,4.0
5561,219,3.0
5720,354,3.0
5752,155,4.0
5795,1277,3.0
5825,118,4.0
4,21,4.0
55,25,4.0
59,213,3.0
445,286,3.0
684,38,4.0
1318,21,3.0
1340,805,2.0
1540,118,4.0
1575,54,4.0
1669,30,4.0
1779,149,3.0
2046,83,4.0
2204,33,4.0
2581,403,4.0
2993,83,4.0
3093,179,4.0
3170,73,4.0
3229,196,3.0
3339,83,4.0
3505,100,4.0
3653,111,4.0
3830,136,4.0
3926,65,4.0
4020,84,3.0
4333,170,4.0
4573,154,4.0
4592,224,3.0
4646,39,3.0
4721,71,4.0
5049,192,4.0
5363,61,4.0
5511,724,4.0
5556,278,3.0
5608,24,4.0
5742,47,4.0
6003,254,4.0
8,139,4.0
100,76,3.0
241,57,4.0
449,54,4.0
450,51,4.0
495,44,4.0
717,39,3.0
757,465,3.0
930,98,3.0
2159,34,4.0
2299,75,3.0
2424,147,3.0
2547,139,4.0
2574,33,5.0
3443,25,4.0
3575,38,3.0
3739,22,4.0
3889,133,4.0
3959,25,3.0
4044,62,4.0
4054,616,4.0
4066,95,3.0
4122,315,4.0
4160,120,3.0
4248,85,4.0
4254,24,4.0
4299,100,4.0
4313,96,4.0
4601,129,4.0
5276,77,4.0
5662,73,4.0
5722,367,4.0
6026,81,4.0
161,297,4.0
555,38,4.0
687,316,3.0
987,176,4.0
1066,122,4.0
1256,32,4.0
1279,361,3.0
1385,22,4.0
1397,53,3.0
1943,680,4.0
1989,27,3.0
1996,177,4.0
2030,582,4.0
2163,96,4.0
2687,23,4.0
2937,104,4.0
3036,116,5.0
3128,317,4.0
3479,90,4.0
3629,62,4.0
5369,245,4.0
5925,197,4.0
23,304,3.0
39,62,4.0
679,82,4.0
719,28,4.0
922,343,4.0
981,227,3.0
1015,1286,4.0
1022,146,4.0
1060,80,3.0
1169,118,3.0
1254,110,4.0
1315,93,5.0
1685,430,4.0
2440,23,3.0
2579,68,4.0
2784,158,4.0
2854,414,3.0
2933,124,4.0
2959,73,4.0
3157,159,4.0
3292,939,4.0
3465,59,4.0
4002,59,4.0
4105,64,3.0
4560,294,4.0
4731,55,4.0
4939,174,4.0
5064,99,4.0
5200,62,4.0
5418,250,4.0
5432,183,4.0
5602,76,4.0
5603,183,2.0
5792,269,4.0
5797,122,4.0
5998,158,3.0
49,108,4.0
176,78,4.0
380,138,4.0
520,314,4.0
629,237,3.0
672,47,4.0
736,114,4.0
791,328,4.0
1041,85,4.0
1075,41,4.0
1076,41,3.0
1111,33,4.0
1116,142,4.0
1287,94,4.0
1462,38,4.0
1614,61,3.0
1677,43,4.0
1717,424,4.0
1754,29,3.0
1868,54,4.0
2315,44,3.0
2665,828,3.0
3002,147,4.0
3263,113,4.0
3373,32,4.0
3756,414,4.0
3772,48,4.0
3800,71,3.0
3964,64,4.0
4080,83,4.0
4252,105,3.0
4334,157,4.0
4369,44,4.0
4682,784,4.0
4693,49,4.0
5022,35,4.0
5023,120,3.0
5076,109,3.0
5425,46,4.0
5542,71,5.0
5596,189,4.0
5808,67,4.0
7,31,4.0
162,107,4.0
514,79,4.0
549,1152,4.0
637,377,4.0
877,633,3.0
1431,21,3.0
1432,35,4.0
1494,98,4.0
2034,37,4.0
2272,127,4.0
2436,427,4.0
2576,276,3.0
2756,239,4.0
2832,157,4.0
2935,144,3.0
3154,189,4.0
3294,97,4.0
4490,382,4.0
4550,28,3.0
4909,138,4.0
5165,99,5.0
5775,195,4.0
130,135,4.0
238,258,4.0
244,85,4.0
446,51,5.0
624,372,4.0
648,177,4.0
958,158,4.0
1365,67,4.0
1498,116,4.0
1662,25,4.0
1795,25,4.0
2070,104,4.0
2136,160,4.0
2357,29,4.0
2677,38,4.0
2704,48,4.0
2717,25,4.0
2912,44,3.0
2918,387,4.0
2988,63,3.0
3024,218,4.0
4109,25,3.0
4437,241,3.0
4522,189,3.0
5075,58,4.0
5187,118,4.0
5834,30,4.0
6035,280,3.0
84,31,4.0
136,378,3.0
453,394,4.0
720,233,3.0
856,53,3.0
1000,84,4.0
1358,231,3.0
1422,728,3.0
1531,39,3.0
1549,21,4.0
1601,205,4.0
1849,24,4.0
2104,53,3.0
2199,129,3.0
2214,81,4.0
2865,92,4.0
3169,129,4.0
3389,572,3.0
3496,25,4.0
3628,31,4.0
3852,57,4.0
3864,202,5.0
4192,20,3.0
4666,354,3.0
4892,120,3.0
4943,21,4.0
5072,59,4.0
5481,54,3.0
247,31,4.0
314,293,4.0
627,32,4.0
664,158,4.0
691,103,4.0
728,167,3.0
824,308,4.0
1236,24,3.0
1661,37,4.0
1810,40,4.0
1914,23,4.0
1998,356,4.0
2053,25,3.0
2083,40,4.0
2097,174,3.0
2147,96,4.0
2277,28,3.0
2399,22,4.0
2940,31,4.0
3158,296,4.0
3251,56,4.0
3319,123,3.0
3356,239,4.0
3427,38,4.0
3543,104,4.0
3916,530,4.0
4149,52,4.0
4271,526,3.0
4716,68,4.0
5065,265,4.0
5153,460,3.0
5218,44,4.0
5627,815,3.0
5658,125,4.0
5679,182,4.0
5683,122,4.0
5730,91,3.0
87,59,3.0
565,25,3.0
649,71,4.0
1233,61,4.0
1374,103,4.0
1495,182,3.0
1594,147,4.0
1596,23,4.0
1716,195,3.0
1757,385,4.0
1845,220,3.0
2807,335,3.0
3405,41,4.0
3407,20,4.0
3662,88,3.0
3765,27,4.0
3777,116,4.0
4009,309,3.0
4010,24,4.0
4045,44,4.0
4058,503,3.0
4071,111,4.0
4150,403,3.0
4359,81,4.0
4427,23,4.0
5014,144,3.0
5472,317,3.0
5549,33,4.0
5780,259,4.0
5799,36,4.0
5866,32,4.0
171,24,4.0
273,187,4.0
343,297,4.0
434,43,4.0
439,92,4.0
443,34,4.0
585,148,3.0
956,108,4.0
1195,96,4.0
1229,30,4.0
1305,21,4.0
1620,36,4.0
1673,81,4.0
1837,782,4.0
2188,405,3.0
2429,125,4.0
2674,119,4.0
2814,170,4.0
2873,233,4.0
3117,37,4.0
3164,30,4.0
3331,140,4.0
3397,29,4.0
3454,362,4.0
3516,157,3.0
3652,289,3.0
4011,51,3.0
4154,23,4.0
4163,26,3.0
4377,187,4.0
4667,37,4.0
5050,85,4.0
5437,156,4.0
5443,399,4.0
5903,77,4.0
5976,126,3.0
51,40,4.0
194,59,4.0
277,22,4.0
331,584,4.0
428,50,4.0
465,37,4.0
794,43,4.0
957,328,4.0
994,39,4.0
1381,69,3.0
1555,79,4.0
1963,83,4.0
2119,178,4.0
2187,137,4.0
2262,133,4.0
2333,62,4.0
2705,22,4.0
2884,20,4.0
2921,127,3.0
3023,62,4.0
3090,62,4.0
3803,22,4.0
3821,729,3.0
4124,310,3.0
4539,119,2.0
4594,36,4.0
4651,42,4.0
4787,30,3.0
4804,47,2.0
4821,234,3.0
4888,299,4.0
5278,181,4.0
5304,35,3.0
5355,181,4.0
5376,256,4.0
5408,102,4.0
5451,94,4.0
5501,561,3.0
5668,89,4.0
5788,825,3.0
5912,125,4.0
391,81,4.0
438,602,4.0
532,43,4.0
706,151,4.0
821,21,3.0
1297,487,3.0
1313,29,4.0
1388,53,4.0
1598,184,3.0
1619,33,4.0
1790,339,4.0
1840,24,4.0
1887,125,3.0
2434,24,4.0
2863,117,4.0
3038,118,4.0
3052,81,3.0
3188,21,4.0
3218,62,3.0
3608,102,4.0
3714,40,3.0
3763,140,4.0
3944,50,4.0
4253,338,3.0
4329,172,3.0
4436,227,4.0
4581,83,4.0
4632,56,4.0
4780,110,4.0
5121,162,3.0
5179,39,4.0
5393,210,3.0
5400,24,4.0
5615,302,3.0
5774,55,4.0
5899,21,3.0
69,65,4.0
129,158,4.0
166,410,4.0
448,23,3.0
467,69,3.0
928,212,4.0
1200,39,4.0
1234,24,4.0
1412,24,3.0
1463,116,4.0
1872,33,4.0
1910,53,4.0
2068,125,4.0
2077,684,3.0
2590,357,3.0
2864,52,3.0
2881,87,4.0
2951,65,4.0
3469,459,4.0
3589,688,2.0
3718,269,4.0
3867,42,4.0
4035,57,4.0
4715,509,4.0
4760,57,4.0
4778,36,4.0
4997,56,3.0
5816,32,4.0
97,154,4.0
400,40,4.0
543,671,4.0
1001,377,4.0
1020,88,4.0
1230,253,4.0
1261,195,4.0
1317,799,4.0
1742,47,4.0
1876,33,3.0
2143,112,3.0
2194,107,3.0
2258,358,3.0
2345,23,4.0
2394,71,4.0
2516,22,4.0
2585,109,4.0
2751,178,3.0
2790,122,4.0
3202,143,3.0
3430,406,3.0
4086,318,4.0
4135,66,4.0
4180,82,3.0
5035,249,4.0
5053,231,4.0
5063,113,4.0
5261,103,3.0
5536,634,3.0
5718,193,4.0
524,1016,4.0
533,591,3.0
661,71,5.0
693,70,4.0
1006,44,3.0
1134,150,4.0
1607,276,3.0
1690,149,4.0
1695,196,4.0
1746,326,4.0
1791,145,4.0
1965,64,3.0
2328,41,3.0
2480,45,4.0
2827,33,3.0
2851,33,4.0
2966,208,4.0
3357,69,4.0
3656,79,3.0
3715,316,4.0
3840,68,4.0
3933,24,4.0
3985,331,4.0
4123,106,3.0
4142,24,3.0
4260,324,3.0
4431,44,4.0
4433,165,4.0
4497,500,4.0
4968,28,4.0
5092,71,4.0
5362,92,3.0
5523,376,4.0
5711,60,4.0
5885,121,4.0
6018,159,4.0
234,29,4.0
239,71,4.0
264,480,3.0
312,57,4.0
389,73,4.0
869,842,4.0
1058,357,4.0
1081,34,4.0
1209,221,3.0
1347,158,4.0
1356,461,3.0
1581,41,3.0
1714,274,4.0
1905,47,4.0
1985,160,4.0
2020,471,4.0
2358,35,4.0
2800,91,3.0
2919,156,4.0
3361,161,4.0
3537,57,2.0
3799,128,4.0
3866,85,4.0
4461,156,4.0
5033,48,4.0
5058,47,4.0
5260,209,4.0
5269,324,3.0
5563,38,4.0
5631,79,4.0
5652,106,3.0
5717,384,4.0
5798,117,4.0
63,98,3.0
635,177,4.0
885,64,4.0
1638,39,4.0
1724,159,4.0
1898,26,4.0
1960,215,4.0
2512,31,4.0
2587,31,4.0
2850,43,3.0
2853,89,3.0
3193,190,3.0
3417,92,4.0
3598,65,1.0
4008,24,3.0
4026,300,3.0
4206,47,4.0
4661,204,4.0
4845,153,4.0
5136,214,4.0
5449,111,4.0
5522,520,4.0
5653,228,4.0
5693,46,3.0
5835,31,4.0
5913,77,4.0
395,23,4.0
403,280,4.0
779,48,3.0
982,51,4.0
1104,54,4.0
1609,359,3.0
1738,67,4.0
1926,585,4.0
2498,154,3.0
2728,67,3.0
3101,270,4.0
3126,81,4.0
3639,86,3.0
3695,302,4.0
3707,51,4.0
4022,416,3.0
4140,735,3.0
4224,337,4.0
4301,41,4.0
4344,1271,3.0
4599,47,4.0
4752,24,4.0
4894,41,4.0
5089,33,4.0
5407,27,4.0
5504,587,4.0
5677,246,4.0
5898,29,4.0
5985,99,4.0
459,32,4.0
509,723,3.0
907,21,4.0
1094,164,4.0
1625,45,3.0
1780,616,3.0
2129,357,3.0
2172,451,3.0
2350,116,4.0
2839,35,3.0
3266,151,4.0
3386,148,4.0
3526,962,3.0
3633,20,4.0
3651,251,4.0
3771,469,3.0
4062,322,3.0
4164,36,4.0
4273,33,5.0
4687,116,4.0
4689,72,4.0
4709,56,4.0
4714,62,4.0
4794,102,4.0
5574,178,4.0
5645,270,4.0
5853,153,3.0
5915,286,4.0
5921,46,3.0
10,401,4.0
77,39,3.0
102,132,3.0
361,26,4.0
589,27,4.0
814,36,4.0
848,56,4.0
1007,32,4.0
1098,32,4.0
1346,28,4.0
1401,56,4.0
1443,40,4.0
1459,21,4.0
1647,882,3.0
1755,368,4.0
1825,151,4.0
1921,85,3.0
1970,52,4.0
2120,164,3.0
2167,222,2.0
2226,52,4.0
2230,233,3.0
2769,146,4.0
3343,49,4.0
3597,76,4.0
3745,202,3.0
3787,20,4.0
4156,392,4.0
4245,92,4.0
4402,31,4.0
4676,33,4.0
4734,171,4.0
4761,39,3.0
4981,307,4.0
5468,385,4.0
5469,115,4.0
5506,57,4.0
5559,39,4.0
5696,24,5.0
5781,27,4.0
658,93,3.0
1354,684,3.0
1502,273,3.0
1765,106,4.0
2229,39,3.0
2397,60,4.0
2641,318,4.0
3031,500,4.0
3375,27,4.0
3592,357,4.0
3850,384,4.0
3855,101,4.0
3860,171,4.0
4292,96,3.0
4673,528,4.0
4932,332,4.0
4964,403,4.0
5008,209,4.0
5113,546,3.0
5174,21,4.0
50,43,3.0
518,253,4.0
750,56,4.0
771,26,4.0
951,21,5.0
1214,46,3.0
1414,74,4.0
1660,62,4.0
2395,224,4.0
2431,26,4.0
2482,38,4.0
2787,138,4.0
2954,36,4.0
3061,32,4.0
3168,30,3.0
3467,59,4.0
3518,502,4.0
3644,41,4.0
3807,478,3.0
3998,324,3.0
4087,60,3.0
4605,203,3.0
4635,314,4.0
4722,31,4.0
4805,35,4.0
4814,165,3.0
4890,171,3.0
5305,270,4.0
5589,36,4.0
5669,48,3.0
5769,154,4.0
5860,79,4.0
5931,77,4.0
267,131,3.0
293,317,3.0
404,50,4.0
527,25,4.0
817,398,4.0
1102,27,2.0
1343,279,4.0
1639,551,4.0
2012,611,3.0
2290,165,3.0
2462,254,4.0
2671,23,3.0
3429,35,4.0
3600,371,4.0
3682,91,4.0
3776,42,4.0
3982,82,4.0
4052,34,4.0
4340,25,4.0
4759,49,4.0
4947,100,4.0
4969,29,3.0
5473,120,4.0
5731,60,4.0
5776,183,4.0
5922,231,4.0
5988,79,3.0
5989,77,4.0
6001,234,4.0
45,297,3.0
569,125,4.0
769,67,4.0
793,150,3.0
938,31,4.0
977,240,4.0
1333,557,4.0
1442,160,3.0
1611,556,4.0
1704,36,4.0
1715,46,3.0
2091,147,4.0
2309,173,4.0
2608,228,4.0
2788,124,4.0
3014,170,4.0
3131,77,3.0
3190,36,4.0
3618,1344,3.0
3724,583,4.0
4168,100,4.0
4272,113,3.0
4491,185,4.0
4959,188,4.0
5172,456,3.0
5356,41,3.0
5412,278,4.0
5557,190,4.0
5641,132,3.0
5725,20,3.0
5839,31,5.0
216,794,3.0
759,97,4.0
812,92,4.0
952,157,4.0
1039,28,3.0
1110,49,4.0
1320,117,4.0
1667,499,3.0
2553,23,4.0
2986,720,3.0
3182,626,3.0
3463,37,4.0
3640,73,4.0
3646,93,4.0
3742,125,4.0
4395,30,3.0
4442,52,3.0
4456,163,4.0
4496,186,4.0
4579,689,4.0
4652,50,4.0
4670,103,3.0
5284,73,4.0
5832,78,4.0
38,100,4.0
261,354,4.0
320,21,4.0
418,51,4.0
946,33,4.0
1325,282,4.0
1405,45,4.0
1447,990,3.0
1655,175,4.0
1809,56,3.0
1864,23,3.0
1918,23,3.0
2679,342,4.0
2719,117,4.0
2722,23,3.0
2737,399,4.0
2793,789,4.0
2889,195,4.0
2952,168,4.0
3393,267,4.0
3414,297,4.0
3462,559,3.0
4138,64,4.0
4525,20,4.0
4643,201,3.0
4763,57,4.0
5013,70,4.0
5194,69,3.0
5402,92,4.0
5410,46,4.0
5796,24,4.0
5942,174,4.0
82,118,4.0
181,301,4.0
249,110,4.0
364,28,3.0
510,99,4.0
1671,638,4.0
1760,66,4.0
2251,413,4.0
2311,23,4.0
2378,261,3.0
2452,52,4.0
2568,33,3.0
2901,249,4.0
2992,43,3.0
3070,39,4.0
3692,71,4.0
4100,28,4.0
4148,94,4.0
4225,129,4.0
4243,142,4.0
4282,29,4.0
4370,60,4.0
4404,372,3.0
4439,41,3.0
4503,38,4.0
4586,52,4.0
4879,467,3.0
5138,162,3.0
5689,488,4.0
5996,591,4.0
6034,21,4.0
167,58,3.0
288,56,5.0
394,38,3.0
576,57,4.0
703,20,4.0
945,163,4.0
1049,36,4.0
1705,85,4.0
1893,28,4.0
2055,138,4.0
2958,43,3.0
3044,304,4.0
3215,36,3.0
3297,126,3.0
3317,110,4.0
3354,33,3.0
3478,74,3.0
3480,47,4.0
3760,316,4.0
3935,168,3.0
4103,146,4.0
4228,23,4.0
4473,423,3.0
4630,29,4.0
5059,136,4.0
5101,49,2.0
5106,74,4.0
5262,64,3.0
5280,26,4.0
5366,125,4.0
5378,181,4.0
5426,296,3.0
5628,23,3.0
5705,173,4.0
6004,57,3.0
80,48,4.0
240,143,3.0
289,74,4.0
356,21,4.0
889,1518,3.0
1389,411,4.0
1528,69,4.0
1916,391,4.0
1987,47,4.0
2540,223,4.0
2902,22,4.0
2980,136,4.0
3016,41,4.0
3185,90,4.0
3278,46,4.0
3486,97,4.0
3492,63,4.0
3551,87,4.0
3590,462,4.0
4233,134,4.0
4379,384,3.0
4790,378,3.0
4803,37,4.0
5460,85,4.0
5497,145,4.0
25,85,4.0
73,255,3.0
245,764,3.0
427,27,4.0
591,242,3.0
763,26,4.0
816,195,4.0
1147,333,3.0
1484,314,4.0
1923,58,3.0
2112,50,3.0
2114,150,4.0
2254,84,4.0
2270,103,3.0
2316,153,4.0
2578,35,4.0
2596,41,4.0
2672,54,4.0
2928,420,4.0
3217,350,4.0
3318,70,4.0
3351,29,4.0
3616,21,4.0
3851,86,3.0
4193,261,4.0
4217,385,4.0
4270,24,3.0
4463,20,4.0
5020,109,4.0
5108,371,3.0
5201,109,3.0
5221,30,4.0
113,68,4.0
237,166,3.0
895,64,4.0
1126,21,4.0
1368,44,4.0
1421,195,4.0
1492,107,3.0
1543,173,3.0
1556,345,3.0
1941,1595,3.0
2033,56,3.0
2321,111,4.0
2539,41,4.0
2648,107,4.0
2858,73,4.0
3205,305,3.0
3438,80,4.0
3461,37,5.0
3508,36,4.0
3510,67,4.0
3719,36,4.0
4470,305,4.0
4926,23,4.0
5154,33,4.0
5323,246,4.0
5613,86,4.0
5710,77,4.0
5794,294,4.0
5849,45,4.0
645,44,4.0
795,149,3.0
1213,24,4.0
1419,51,3.0
2552,80,4.0
2899,425,4.0
3531,77,4.0
3974,123,4.0
3994,187,4.0
4048,729,4.0
4082,123,4.0
4216,27,4.0
4554,21,3.0
4862,94,3.0
5267,95,4.0
5350,219,3.0
5415,55,4.0
5733,200,4.0
5850,58,2.0
24,136,4.0
160,20,4.0
818,171,4.0
893,110,3.0
1071,143,4.0
1078,127,4.0
1103,60,4.0
1501,542,4.0
1558,26,4.0
2689,101,4.0
3153,44,4.0
3290,176,3.0
3337,81,4.0
3365,345,4.0
3801,140,4.0
3882,203,4.0
3899,52,4.0
4055,407,3.0
4278,36,4.0
4413,23,4.0
4819,546,4.0
4891,28,4.0
4915,107,4.0
5027,20,4.0
5629,101,4.0
5893,148,3.0
5958,112,4.0
70,54,4.0
408,156,4.0
921,158,4.0
1003,29,4.0
1454,22,4.0
1479,29,4.0
1709,210,4.0
1897,657,4.0
2234,21,4.0
2260,25,4.0
2715,78,3.0
2846,102,3.0
3035,80,4.0
3096,197,4.0
3219,142,4.0
3259,395,4.0
3437,50,5.0
3693,596,3.0
3755,72,4.0
3842,669,4.0
3973,91,4.0
4099,129,4.0
4400,26,4.0
4970,29,4.0
5128,95,4.0
5177,100,3.0
5207,22,4.0
5273,304,4.0
5762,288,4.0
5957,239,4.0
6012,23,3.0
62,498,4.0
121,72,4.0
125,71,4.0
396,173,4.0
730,53,4.0
1453,28,4.0
1799,91,4.0
1907,24,4.0
1912,947,2.0
2075,43,3.0
2505,32,4.0
2529,812,4.0
2551,76,3.0
3091,64,4.0
3204,48,4.0
3265,508,3.0
3267,98,4.0
3514,76,4.0
3560,137,4.0
3580,72,4.0
3678,139,3.0
3751,407,3.0
3906,64,4.0
3909,78,3.0
4250,327,4.0
4332,20,4.0
4432,68,4.0
4654,80,4.0
4767,47,4.0
4880,21,4.0
5143,119,4.0
5434,244,4.0
5635,24,4.0
5904,20,4.0
156,148,4.0
351,103,4.0
480,107,3.0
1592,306,4.0
1666,397,3.0
1853,157,4.0
2050,260,4.0
2812,121,4.0
2878,695,4.0
3391,1216,4.0
3576,541,3.0
3591,202,4.0
4053,500,3.0
4067,80,3.0
4255,41,4.0
4471,173,4.0
4590,50,4.0
4704,328,2.0
4747,240,3.0
4938,37,4.0
4998,79,4.0
5197,124,4.0
5259,34,4.0
5313,88,4.0
143,68,4.0
219,36,3.0
697,125,4.0
967,91,4.0
1083,26,3.0
1099,188,4.0
1336,23,4.0
1610,28,4.0
1679,82,4.0
2207,21,4.0
2408,69,4.0
2820,894,3.0
3106,68,4.0
3530,20,4.0
3564,152,3.0
3828,42,4.0
4069,31,4.0
4231,50,3.0
4686,91,4.0
4705,224,4.0
4708,406,4.0
4951,312,4.0
5196,80,3.0
5224,33,3.0
5253,148,4.0
5479,105,4.0
5978,399,3.0
95,99,4.0
411,635,3.0
477,211,4.0
482,825,3.0
740,37,4.0
968,61,4.0
1423,80,4.0
1687,393,4.0
1740,66,4.0
1784,52,3.0
2009,54,4.0
2123,35,4.0
2133,20,3.0
2145,219,4.0
2217,40,3.0
2359,59,4.0
2669,115,4.0
3241,55,4.0
3868,275,3.0
4063,59,4.0
4187,67,5.0
4493,50,2.0
4533,57,4.0
4825,49,4.0
4887,420,3.0
4913,45,4.0
5045,34,3.0
5321,288,3.0
5813,87,4.0
5857,200,3.0
5872,263,3.0
5927,216,4.0
6000,506,3.0
29,108,4.0
226,21,4.0
390,214,4.0
651,478,4.0
741,77,3.0
789,115,3.0
1038,148,4.0
1439,30,4.0
1570,66,4.0
2139,53,4.0
2165,225,4.0
2453,629,4.0
2541,256,3.0
2860,508,4.0
2948,53,4.0
3136,40,4.0
3288,26,4.0
3848,78,4.0
4499,98,4.0
4563,40,4.0
5312,720,4.0
5368,98,3.0
5498,59,4.0
5672,28,3.0
5888,617,3.0
464,82,4.0
526,58,4.0
528,580,3.0
558,291,4.0
1221,221,4.0
1289,39,4.0
2125,229,4.0
2291,41,4.0
2749,90,4.0
2862,86,4.0
2981,30,4.0
3177,61,4.0
3189,525,3.0
3322,48,4.0
3845,74,4.0
3911,25,4.0
4084,168,4.0
4098,114,4.0
4841,92,4.0
4878,43,4.0
4945,144,4.0
5181,52,4.0
5475,377,4.0
5757,116,4.0
21,22,3.0
214,166,3.0
653,21,4.0
710,885,3.0
1177,79,4.0
1393,109,4.0
1409,84,4.0
1514,127,4.0
1523,92,4.0
1578,31,4.0
1587,554,3.0
1801,21,4.0
2074,36,3.0
2201,65,4.0
2636,63,4.0
2708,37,3.0
3064,44,4.0
3253,167,4.0
3599,176,3.0
3713,408,4.0
3847,429,3.0
4051,100,3.0
4502,324,4.0
4566,154,4.0
4678,86,4.0
4691,76,3.0
4792,25,4.0
5161,315,3.0
5185,281,3.0
5290,37,4.0
5822,75,4.0
5830,52,4.0
323,118,4.0
550,967,4.0
1079,121,4.0
1153,76,3.0
1283,46,3.0
1327,71,4.0
1345,189,4.0
1465,611,4.0
1548,48,4.0
1552,255,4.0
1648,149,3.0
1911,31,4.0
2116,971,4.0
2250,67,3.0
2544,729,4.0
2843,39,3.0
2868,191,4.0
2922,71,5.0
2955,191,3.0
3165,30,4.0
3233,161,4.0
3246,232,3.0
3303,25,4.0
3716,392,4.0
3872,48,4.0
3878,484,4.0
4366,35,3.0
4406,322,4.0
4972,329,3.0
5093,49,4.0
5111,800,4.0
5723,202,3.0
335,148,3.0
338,362,4.0
352,870,3.0
492,32,4.0
798,327,3.0
866,36,3.0
941,28,2.0
1179,234,4.0
1239,88,4.0
1337,65,4.0
2178,174,4.0
2300,52,4.0
2426,36,4.0
2449,26,4.0
2870,143,3.0
2943,124,4.0
3063,64,4.0
3385,36,3.0
3459,29,4.0
3477,138,4.0
3547,362,4.0
3775,93,4.0
3869,50,3.0
4117,204,4.0
4664,38,4.0
5085,221,4.0
5292,31,4.0
5390,219,4.0
5416,48,4.0
5601,97,3.0
5637,46,4.0
5686,530,2.0
98,20,4.0
195,822,4.0
256,95,4.0
678,999,4.0
714,422,4.0
911,525,4.0
933,62,4.0
1042,45,3.0
1131,103,5.0
1140,374,4.0
1185,90,4.0
1257,49,3.0
1308,89,4.0
1348,139,4.0
1364,55,4.0
1450,109,3.0
1602,120,4.0
1604,24,4.0
1936,28,4.0
2016,333,4.0
2100,308,4.0
2274,40,4.0
2330,120,3.0
2615,61,3.0
3094,41,4.0
3275,21,3.0
3302,86,3.0
3507,923,3.0
4275,31,4.0
4582,46,4.0
4723,33,4.0
4753,63,4.0
5007,23,4.0
5714,99,4.0
5810,21,4.0
287,103,4.0
345,25,4.0
490,77,4.0
595,100,4.0
1168,233,3.0
1188,31,4.0
1524,253,4.0
1792,39,4.0
1832,44,4.0
2130,67,3.0
2285,52,4.0
2435,117,4.0
2573,97,4.0
3466,37,4.0
3627,36,4.0
3820,45,4.0
3954,43,3.0
4342,229,4.0
4501,72,4.0
4699,169,3.0
4735,106,4.0
4791,250,3.0
4869,285,3.0
4908,114,4.0
4965,144,3.0
5126,142,4.0
5241,94,3.0
5352,206,4.0
5779,394,3.0
5784,27,4.0
5812,893,4.0
5974,233,3.0
752,1024,3.0
767,170,4.0
790,23,4.0
828,115,3.0
1173,361,3.0
1593,206,3.0
1631,260,4.0
1637,85,4.0
1767,306,4.0
1782,38,4.0
1920,601,3.0
2216,52,3.0
2314,35,3.0
2327,59,3.0
2472,290,4.0
2533,131,4.0
2744,138,1.0
3004,120,4.0
3255,45,4.0
3307,26,4.0
3569,437,3.0
3731,125,3.0
3767,41,3.0
3877,22,4.0
4385,27,3.0
4535,368,4.0
4553,55,3.0
4619,153,3.0
4696,27,4.0
4815,222,4.0
5340,214,4.0
5458,392,4.0
5567,403,3.0
809,94,4.0
863,62,4.0
990,102,4.0
1053,335,3.0
1150,1302,3.0
1203,741,4.0
1284,507,3.0
1319,28,3.0
1562,38,3.0
1712,511,4.0
1844,20,4.0
1995,86,4.0
2132,69,3.0
2352,119,3.0
2389,299,4.0
3009,26,4.0
3077,78,4.0
3079,86,4.0
3384,126,4.0
3521,387,4.0
3641,485,4.0
3802,22,3.0
3945,531,3.0
3979,97,4.0
4005,240,4.0
4072,254,4.0
4114,200,4.0
4392,25,3.0
4649,33,5.0
5240,35,4.0
5384,46,4.0
5454,64,4.0
32,48,4.0
60,70,3.0
90,225,4.0
371,78,4.0
622,57,4.0
1014,39,3.0
1115,109,3.0
1931,86,4.0
1937,295,3.0
2098,373,3.0
2152,23,4.0
2450,27,3.0
2927,62,4.0
2960,31,4.0
3081,384,4.0
3237,78,4.0
3525,90,3.0
3553,47,4.0
3684,139,4.0
3738,32,5.0
3746,348,4.0
3804,187,4.0
4050,168,4.0
4205,46,4.0
4241,98,4.0
4835,83,4.0
5091,304,4.0
5202,32,3.0
5310,97,4.0
5429,128,4.0
5773,30,3.0
75,175,4.0
382,56,4.0
469,49,4.0
621,240,3.0
630,118,4.0
786,63,4.0
1027,46,4.0
1282,21,4.0
1919,55,4.0
2088,441,4.0
2195,258,3.0
2441,27,4.0
2491,114,3.0
3268,67,4.0
3311,920,3.0
3896,148,3.0
3953,234,4.0
4827,72,3.0
4853,38,4.0
5508,75,4.0
5783,39,4.0
5855,51,4.0
5894,115,4.0
203,127,2.0
221,29,3.0
265,98,4.0
457,237,4.0
640,21,4.0
662,127,3.0
782,23,3.0
835,28,3.0
1237,30,4.0
1515,24,4.0
1668,29,4.0
1895,86,4.0
1906,26,4.0
2317,61,4.0
2421,61,4.0
2460,51,4.0
2508,60,4.0
2530,20,4.0
2634,278,4.0
2806,79,3.0
3082,370,3.0
3396,23,4.0
3493,163,4.0
3540,208,4.0
3781,62,4.0
3788,24,4.0
4339,66,4.0
5175,33,4.0
5184,301,4.0
5279,51,4.0
5395,121,4.0
5483,221,4.0
5502,120,4.0
141,23,4.0
151,471,4.0
341,20,4.0
414,57,3.0
433,46,3.0
608,170,3.0
712,282,3.0
724,157,4.0
859,153,3.0
899,323,4.0
1471,27,4.0
1532,126,4.0
1579,765,3.0
1915,38,4.0
2061,20,4.0
2154,45,4.0
2160,20,4.0
2432,35,4.0
2594,94,3.0
3338,40,4.0
3992,449,4.0
4170,83,4.0
4306,91,4.0
4410,27,4.0
4516,55,4.0
4558,21,4.0
4746,96,4.0
5046,868,4.0
5068,55,4.0
5464,113,4.0
334,61,4.0
592,23,4.0
751,25,4.0
801,285,4.0
943,81,4.0
953,189,5.0
978,44,4.0
1023,41,4.0
1043,36,4.0
1440,136,3.0
1547,134,4.0
1577,125,4.0
1909,57,4.0
2592,442,4.0
2670,282,4.0
3143,212,3.0
3494,35,4.0
3532,114,4.0
3565,140,3.0
3915,23,4.0
4077,227,4.0
4081,51,4.0
4189,33,5.0
4675,333,4.0
4834,280,4.0
4868,179,4.0
5005,429,3.0
5116,21,4.0
5438,91,3.0
5534,65,4.0
5583,120,4.0
5650,314,3.0
5747,564,3.0
6021,132,4.0
145,39,3.0
200,26,3.0
272,482,4.0
376,117,4.0
488,25,4.0
515,162,4.0
680,35,4.0
735,393,4.0
1383,822,3.0
1511,91,4.0
1622,26,4.0
1707,88,4.0
2043,91,3.0
2372,71,4.0
2503,200,3.0
2550,94,4.0
2562,171,4.0
2660,47,4.0
2710,30,3.0
2747,139,4.0
2978,173,4.0
3041,106,3.0
3487,318,4.0
3594,157,3.0
3614,157,3.0
3722,31,4.0
4287,293,4.0
4309,132,4.0
4358,31,4.0
4458,411,3.0
4963,114,4.0
4975,175,4.0
4990,61,4.0
5017,39,4.0
5248,101,4.0
5484,79,4.0
5623,264,4.0
5739,51,4.0
5910,130,4.0
5928,48,3.0
56,67,4.0
109,81,4.0
254,23,4.0
378,39,4.0
487,50,3.0
639,400,4.0
940,130,3.0
1040,259,4.0
1617,228,3.0
1726,382,2.0
1883,435,3.0
1980,1260,3.0
2093,56,3.0
2283,43,4.0
2510,43,5.0
2604,68,4.0
2795,100,4.0
3247,29,4.0
4003,42,4.0
4139,351,4.0
4411,610,4.0
4527,20,4.0
4540,69,4.0
4584,62,5.0
4750,254,4.0
4922,191,4.0
5051,30,4.0
5406,122,3.0
5550,633,4.0
5889,130,4.0
213,22,4.0
228,31,4.0
478,46,4.0
534,103,4.0
655,412,3.0
997,30,4.0
1149,89,3.0
1446,97,4.0
1585,112,4.0
1623,70,4.0
1686,28,4.0
1854,246,3.0
2233,207,3.0
2253,31,4.0
2427,121,4.0
2506,251,3.0
2765,211,4.0
3019,27,4.0
3603,328,3.0
3879,46,3.0
3957,351,4.0
4298,285,4.0
4492,23,4.0
4551,82,4.0
5104,54,4.0
5528,75,4.0
5604,254,4.0
5671,109,4.0
5842,52,4.0
5952,129,4.0
303,209,4.0
426,239,4.0
574,21,4.0
718,169,4.0
749,459,3.0
1105,161,4.0
1120,735,4.0
1281,144,3.0
1408,136,3.0
1474,130,4.0
1554,31,4.0
1842,465,4.0
2390,76,4.0
2816,22,4.0
3230,149,4.0
3432,116,3.0
3559,74,4.0
3748,32,4.0
3995,163,4.0
4049,375,3.0
4284,156,3.0
4802,640,4.0
4942,276,4.0
4954,122,3.0
5012,20,3.0
5587,55,4.0
5881,280,4.0
170,87,4.0
354,58,4.0
702,479,3.0
708,20,4.0
807,33,4.0
1162,156,4.0
1196,112,4.0
1268,202,4.0
1544,165,4.0
1953,34,4.0
2367,53,4.0
2373,21,4.0
2893,21,4.0
3335,27,4.0
3812,114,4.0
3977,30,4.0
4147,61,4.0
4300,40,3.0
4548,21,3.0
4616,34,4.0
4634,102,5.0
4657,32,4.0
4755,25,5.0
4971,28,4.0
5135,77,4.0
5229,69,4.0
5263,126,4.0
5687,85,4.0
5729,62,4.0
5821,63,4.0
5963,187,4.0
304,27,4.0
536,210,4.0
611,132,4.0
612,50,4.0
668,36,4.0
783,119,4.0
1758,430,4.0
1813,22,4.0
1830,30,4.0
2146,102,3.0
2527,21,4.0
2908,21,4.0
2936,55,4.0
2977,21,3.0
2990,261,4.0
3342,58,3.0
3424,71,4.0
3544,29,4.0
3892,477,3.0
4283,61,4.0
4449,194,4.0
4462,34,3.0
4785,271,4.0
4789,270,3.0
4801,196,5.0
4861,197,4.0
5226,83,4.0
5358,25,4.0
5399,60,4.0
5951,53,4.0
105,61,4.0
298,27,4.0
370,60,4.0
753,218,4.0
865,42,4.0
913,45,3.0
1553,43,4.0
1744,140,4.0
2103,89,4.0
2151,38,3.0
2280,76,4.0
2430,42,3.0
2518,42,4.0
2693,136,4.0
2707,23,4.0
3203,162,4.0
3472,50,4.0
4257,139,3.0
4269,227,4.0
4350,71,4.0
4407,231,3.0
5430,140,4.0
5570,302,4.0
5698,315,4.0
5804,21,4.0
6008,35,4.0
58,437,4.0
188,71,3.0
726,73,4.0
837,69,3.0
1370,148,3.0
1573,29,4.0
1880,955,3.0
2126,90,3.0
2293,283,4.0
2332,46,4.0
2347,23,4.0
2400,53,3.0
2632,41,4.0
2916,233,4.0
3145,111,4.0
3362,77,4.0
3672,203,3.0
3736,125,4.0
3747,64,4.0
3780,300,4.0
3849,67,3.0
4316,39,3.0
4328,303,4.0
4360,248,3.0
4362,260,3.0
4378,124,3.0
4541,148,3.0
4611,370,3.0
5236,128,4.0
5349,241,4.0
5525,20,4.0
5666,32,4.0
5719,26,3.0
5805,151,4.0
5980,212,4.0
6038,20,4.0
11,137,3.0
33,391,3.0
204,446,4.0
421,20,4.0
575,163,4.0
781,234,3.0
872,107,4.0
888,72,4.0
1024,43,4.0
1152,149,3.0
1482,61,3.0
1794,453,2.0
1852,54,4.0
1859,46,4.0
2058,94,3.0
2121,191,4.0
3109,57,4.0
3367,355,4.0
3400,218,4.0
3428,183,4.0
3550,357,4.0
3735,301,4.0
3965,290,4.0
4004,128,3.0
4188,44,3.0
4213,395,4.0
4268,310,3.0
4486,51,1.0
4706,108,3.0
4764,40,4.0
5244,35,4.0
5272,106,3.0
5299,56,3.0
5332,73,4.0
83,99,4.0
110,80,3.0
150,232,4.0
369,87,3.0
413,99,4.0
508,149,3.0
541,190,3.0
825,42,4.0
1033,194,3.0
1129,103,4.0
1821,27,4.0
1860,293,3.0
2039,121,4.0
2953,90,3.0
3178,212,3.0
3223,61,4.0
3380,453,4.0
3418,211,4.0
3642,21,3.0
3903,168,3.0
4031,51,4.0
4131,123,4.0
4266,69,3.0
4479,59,4.0
4488,346,3.0
4728,698,3.0
5439,22,4.0
5654,298,4.0
5815,78,4.0
5955,378,4.0
68,72,4.0
71,29,4.0
106,47,4.0
260,154,3.0
567,72,5.0
1472,233,4.0
1730,24,4.0
2001,49,4.0
2221,162,4.0
2307,145,4.0
2360,37,4.0
2459,123,4.0
2474,32,4.0
2917,70,4.0
3238,32,4.0
3347,45,4.0
3358,232,4.0
3873,77,4.0
4096,239,3.0
4152,158,4.0
5070,488,4.0
5674,41,4.0
5732,42,4.0
5766,94,4.0
5939,111,4.0
6023,147,4.0
525,40,4.0
561,36,4.0
1241,194,4.0
2028,27,4.0
2353,197,4.0
2379,26,4.0
2486,154,4.0
2767,26,3.0
2931,224,4.0
3409,44,4.0
3630,181,3.0
4021,765,4.0
4183,366,3.0
4201,24,4.0
4372,25,4.0
5607,148,4.0
5846,62,4.0
6022,48,4.0
116,86,4.0
147,187,4.0
910,163,4.0
1080,54,4.0
1224,578,4.0
1797,175,4.0
1972,83,4.0
2024,256,3.0
2263,236,4.0
2894,113,4.0
3604,27,5.0
3680,56,4.0
4242,131,4.0
4371,141,4.0
4375,325,4.0
4575,125,2.0
4949,38,4.0
5021,185,3.0
5026,874,3.0
5098,197,3.0
5379,37,4.0
5782,114,4.0
5858,200,4.0
5935,36,4.0
6036,888,3.0
14,25,3.0
198,379,4.0
317,21,4.0
546,220,3.0
600,23,4.0
638,114,4.0
805,73,4.0
1228,251,4.0
1430,116,4.0
1672,39,4.0
1680,1850,4.0
2084,155,4.0
2101,105,3.0
2478,287,4.0
2714,20,4.0
2934,622,3.0
2946,461,3.0
3078,32,4.0
3187,27,4.0
3442,186,3.0
3455,23,4.0
3460,84,4.0
3533,92,4.0
3808,1158,3.0
3829,822,3.0
3924,77,4.0
3928,28,3.0
4089,702,4.0
4609,264,3.0
4685,169,3.0
4895,68,4.0
5232,131,3.0
5394,849,3.0
5486,43,4.0
5726,148,4.0
5807,55,4.0
5902,87,4.0
344,90,3.0
349,268,3.0
424,1226,4.0
657,59,4.0
975,404,3.0
1184,278,3.0
1285,1144,4.0
1658,398,3.0
1693,310,4.0
1728,47,4.0
2264,300,4.0
2303,308,4.0
2388,22,4.0
2773,83,4.0
3378,235,4.0
3623,22,4.0
3883,20,3.0
4165,51,4.0
4514,147,3.0
4597,22,3.0
4737,109,4.0
4745,103,4.0
4800,253,3.0
4984,205,3.0
5011,559,4.0
5351,26,4.0
6007,326,3.0
123,608,3.0
342,123,4.0
373,27,4.0
379,64,4.0
454,266,3.0
832,172,4.0
965,77,4.0
971,223,3.0
1018,122,4.0
1264,711,4.0
1448,1038,4.0
1629,65,3.0
1678,122,3.0
1753,284,4.0
1958,852,3.0
1992,92,3.0
2179,146,3.0
2411,326,3.0
2476,61,4.0
3100,55,4.0
3191,406,3.0
3360,58,3.0
3643,220,3.0
3770,266,4.0
3785,35,3.0
4056,22,2.0
4175,92,4.0
4468,85,4.0
4813,104,4.0
4980,213,4.0
5277,308,3.0
5297,30,4.0
5712,83,4.0
5944,30,2.0
158,22,4.0
199,402,3.0
242,273,3.0
270,126,4.0
284,471,3.0
690,180,4.0
1086,312,4.0
1563,84,4.0
1684,62,4.0
1983,546,4.0
2049,35,4.0
2065,31,4.0
2222,219,4.0
2416,47,4.0
2538,25,4.0
2709,32,3.0
3250,124,3.0
3535,29,4.0
3665,216,4.0
3822,184,3.0
4417,110,4.0
4434,48,4.0
4640,152,3.0
4710,35,4.0
4863,31,4.0
5081,101,4.0
5118,120,3.0
5159,20,3.0
5205,356,3.0
5295,22,4.0
5377,43,4.0
5414,79,4.0
5491,204,4.0
5519,340,3.0
135,70,4.0
248,34,4.0
499,199,4.0
522,58,4.0
902,25,4.0
1095,36,4.0
1106,64,4.0
1567,100,4.0
1606,206,4.0
1788,32,4.0
2319,62,4.0
2611,429,3.0
2617,82,4.0
2731,280,4.0
2762,47,4.0
2890,141,4.0
3142,94,4.0
3146,62,4.0
3355,33,4.0
3558,300,4.0
3881,81,4.0
3914,113,4.0
3946,264,4.0
3948,102,3.0
4057,38,4.0
4116,363,4.0
4302,246,4.0
4769,65,3.0
4934,179,3.0
5293,75,4.0
5634,300,4.0
5793,30,4.0
5986,120,4.0
42,231,4.0
119,105,4.0
337,198,4.0
466,199,4.0
506,90,3.0
566,534,3.0
909,71,4.0
1141,466,3.0
1312,155,3.0
1433,89,3.0
1437,155,5.0
1566,24,4.0
1954,151,4.0
2005,90,3.0
2124,628,4.0
2308,63,4.0
2334,333,4.0
2415,36,4.0
2493,86,4.0
3103,39,4.0
3113,50,4.0
3160,25,4.0
3286,28,4.0
3448,26,4.0
4509,210,4.0
5060,81,4.0
5141,43,4.0
5168,20,4.0
5569,242,3.0
5991,85,4.0
2,129,4.0
79,31,4.0
201,87,4.0
765,402,4.0
778,163,4.0
803,52,4.0
892,34,4.0
1262,158,3.0
1328,125,4.0
1572,45,3.0
1817,123,3.0
2162,182,4.0
2266,101,4.0
2897,117,4.0
2944,174,4.0
3366,27,4.0
3447,85,4.0
3556,112,4.0
4261,277,3.0
4856,79,4.0
4871,21,4.0
4901,191,4.0
4906,241,4.0
4920,50,4.0
4960,75,4.0
5079,63,3.0
5239,285,4.0
5703,74,4.0
5820,48,3.0
6037,202,4.0
131,295,3.0
149,592,4.0
276,23,4.0
962,51,4.0
1070,21,4.0
1761,113,2.0
1935,58,3.0
1984,283,4.0
2166,213,4.0
2302,199,4.0
2419,528,3.0
2605,188,4.0
2624,306,4.0
2974,124,4.0
3107,72,4.0
3130,67,4.0
3274,198,3.0
3536,165,4.0
3917,98,4.0
3942,606,3.0
3968,85,4.0
3988,204,4.0
4065,21,4.0
4532,129,4.0
4665,22,4.0
4771,513,4.0
4833,81,4.0
4883,50,3.0
5195,67,4.0
5199,35,3.0
5228,24,4.0
5314,20,4.0
5512,241,4.0
5734,208,4.0
5746,82,4.0
5977,51,4.0
365,47,3.0
773,49,4.0
820,104,3.0
999,412,3.0
1092,51,4.0
1316,38,3.0
1557,57,4.0
1691,50,4.0
1763,26,4.0
1839,87,4.0
2115,58,4.0
2548,43,4.0
2593,136,5.0
2825,221,4.0
2938,201,4.0
3344,56,4.0
3737,150,4.0
3880,57,3.0
3921,72,4.0
3984,65,4.0
4112,324,4.0
4194,174,4.0
4886,102,4.0
5115,40,4.0
5487,47,4.0
294,49,3.0
357,58,3.0
529,122,4.0
905,123,4.0
1004,481,3.0
1187,31,3.0
1612,23,4.0
1819,116,4.0
1964,22,4.0
2000,98,4.0
2144,101,3.0
2276,108,4.0
3732,208,3.0
3950,70,3.0
4046,37,4.0
4414,182,3.0
4622,23,4.0
4702,44,4.0
4783,55,4.0
4836,65,3.0
5215,20,4.0
5617,74,4.0
5643,1047,3.0
5644,73,4.0
5700,38,4.0
5878,601,4.0
5987,59,3.0
6016,909,3.0
118,224,4.0
573,36,4.0
722,55,4.0
1112,679,3.0
1373,74,4.0
1390,309,4.0
1449,1243,3.0
1503,272,4.0
1508,29,3.0
1571,153,4.0
1652,27,3.0
1885,57,4.0
1981,67,3.0
2010,733,2.0
2348,206,3.0
2642,71,4.0
2925,25,4.0
3186,37,4.0
3224,1115,4.0
3321,84,4.0
3329,138,4.0
3617,47,4.0
4128,50,4.0
4236,51,4.0
4422,449,4.0
4671,167,4.0
4679,62,3.0
4724,33,4.0
4817,92,4.0
4854,164,4.0
4872,41,4.0
4903,55,4.0
4953,217,4.0
5078,60,4.0
5145,20,3.0
5208,120,4.0
5493,573,3.0
5535,187,4.0
5648,117,4.0
5873,33,4.0
6013,124,4.0
124,23,4.0
281,111,4.0
571,146,4.0
1011,37,4.0
1193,276,3.0
1366,143,4.0
1428,52,4.0
1986,22,5.0
2073,645,4.0
2137,69,4.0
2661,98,4.0
3174,87,4.0
3289,75,4.0
3348,48,4.0
3483,661,4.0
3503,490,4.0
3585,262,4.0
3951,196,4.0
4060,256,4.0
4129,29,4.0
4146,25,4.0
4388,459,4.0
4556,221,3.0
4580,137,4.0
4911,81,3.0
5270,102,4.0
1402,49,4.0
1879,263,4.0
2406,100,4.0
2461,104,4.0
2557,74,4.0
2792,191,3.0
2818,293,4.0
2883,149,3.0
3110,300,4.0
3225,21,4.0
3295,74,4.0
3299,302,4.0
3315,182,4.0
3520,289,4.0
3733,119,4.0
3768,710,3.0
3960,28,4.0
4095,62,4.0
4628,20,4.0
4955,28,4.0
4988,26,4.0
5209,134,4.0
5459,178,4.0
5584,76,4.0
30,43,3.0
99,107,3.0
942,25,4.0
985,146,4.0
1702,80,5.0
1805,174,4.0
2011,247,4.0
2243,60,5.0
2869,33,4.0
3005,111,4.0
3048,70,4.0
3372,31,4.0
3515,100,4.0
3578,271,3.0
3989,226,4.0
4141,226,4.0
4218,101,4.0
4636,25,2.0
4860,48,4.0
5233,112,4.0
5268,484,3.0
5294,156,4.0
5533,20,4.0
5646,104,4.0
5906,124,4.0
5973,36,4.0
184,84,4.0
302,788,3.0
313,26,4.0
652,132,3.0
815,29,4.0
901,33,4.0
1090,73,3.0
1202,520,4.0
1371,44,4.0
1445,31,3.0
1836,416,4.0
2361,49,4.0
2446,421,4.0
2543,24,4.0
2566,264,3.0
2696,20,3.0
2766,102,4.0
3033,133,4.0
3214,36,4.0
3248,84,4.0
3895,71,3.0
3961,230,3.0
4064,1009,3.0
4289,154,4.0
4335,484,3.0
4346,74,4.0
4850,37,4.0
4978,72,4.0
4996,28,4.0
5163,501,4.0
5326,128,2.0
5364,354,4.0
5859,35,4.0
66,26,4.0
405,49,4.0
557,58,4.0
682,75,5.0
700,32,4.0
915,95,3.0
1012,55,3.0
1568,28,4.0
1764,613,4.0
2465,235,4.0
2591,41,4.0
3176,21,3.0
3371,483,3.0
3491,727,4.0
3758,50,3.0
4029,77,4.0
4079,433,4.0
4085,829,4.0
4555,89,3.0
4730,27,4.0
4748,363,4.0
5041,114,4.0
5164,75,4.0
5256,825,3.0
5537,64,4.0
5865,103,3.0
46,41,4.0
67,64,4.0
186,122,4.0
275,89,4.0
282,29,4.0
605,122,4.0
802,506,4.0
1101,518,3.0
1376,94,4.0
1976,123,4.0
2325,28,3.0
2341,57,3.0
2504,301,4.0
2813,23,3.0
2949,48,4.0
2995,341,4.0
3021,20,3.0
3312,665,3.0
4711,124,4.0
4719,32,4.0
4776,25,4.0
4974,28,3.0
5242,113,3.0
5318,99,4.0
5456,42,4.0
5514,40,4.0
5882,40,4.0
311,20,4.0
535,21,4.0
873,172,4.0
894,70,4.0
1534,21,4.0
1851,504,3.0
1870,158,4.0
1940,64,5.0
2008,177,4.0
2248,107,4.0
2586,49,4.0
2997,167,4.0
3159,238,4.0
3194,34,4.0
3887,319,3.0
3939,24,4.0
4039,53,4.0
4341,33,4.0
4659,204,4.0
4810,197,3.0
4904,404,5.0
5009,63,4.0
5139,126,4.0
5198,283,3.0
5413,220,4.0
5707,100,4.0
616,44,4.0
628,52,4.0
632,34,4.0
681,38,4.0
964,78,4.0
1392,243,3.0
1526,32,4.0
1535,29,4.0
2017,119,4.0
2063,1323,3.0
2382,61,4.0
2423,75,4.0
2448,73,4.0
2456,366,3.0
2621,315,3.0
3134,101,4.0
3464,371,4.0
3554,33,4.0
3581,34,3.0
4207,247,4.0
4265,209,4.0
4596,206,3.0
4677,22,4.0
4701,63,4.0
5002,265,3.0
5371,324,4.0
5419,89,4.0
5681,33,4.0
174,97,4.0
215,34,5.0
410,96,4.0
996,296,4.0
1178,36,4.0
1309,24,4.0
1338,132,4.0
1481,100,4.0
1584,461,3.0
1674,22,4.0
2186,292,3.0
2287,27,4.0
2362,49,4.0
2514,31,4.0
2799,23,4.0
3156,64,3.0
3363,242,4.0
3524,153,4.0
3605,115,4.0
3809,47,4.0
4674,95,4.0
5019,177,3.0
5134,95,4.0
5170,74,4.0
5296,70,4.0
5517,312,4.0
5684,489,3.0
5919,32,3.0
172,23,4.0
562,37,4.0
716,392,4.0
864,138,4.0
1054,127,4.0
1429,24,3.0
1776,422,3.0
1891,279,4.0
1948,174,3.0
1999,87,4.0
2215,187,3.0
2282,188,4.0
2381,20,3.0
2900,298,4.0
2969,174,4.0
3055,287,4.0
3057,161,3.0
3555,129,3.0
3837,196,4.0
4179,161,4.0
4732,685,4.0
5073,25,5.0
5250,289,4.0
5616,130,4.0
5665,46,4.0
5837,534,4.0
5863,21,4.0
252,60,4.0
399,32,4.0
551,228,4.0
1063,100,4.0
1067,96,4.0
1411,60,4.0
1630,117,2.0
1676,865,3.0
1862,35,4.0
2175,169,4.0
2289,37,4.0
2340,399,4.0
2500,140,4.0
2639,33,4.0
2676,229,4.0
2745,197,4.0
2815,55,4.0
2913,330,4.0
2976,143,4.0
3221,41,4.0
3701,84,4.0
3838,24,3.0
3929,612,3.0
4108,32,4.0
4303,374,4.0
4744,66,4.0
4749,20,4.0
5685,40,4.0
5690,24,4.0
5753,83,4.0
144,32,3.0
153,26,4.0
420,64,4.0
705,132,3.0
785,106,3.0
851,76,4.0
1013,46,4.0
1109,205,3.0
1278,67,4.0
1640,161,2.0
1710,79,4.0
1962,533,3.0
2295,22,4.0
2528,62,3.0
2963,39,4.0
3236,23,3.0
3949,74,4.0
3980,40,3.0
4019,25,4.0
4222,122,4.0
4337,259,4.0
4430,295,3.0
4598,106,4.0
4602,76,4.0
4982,37,5.0
4986,27,4.0
5275,95,4.0
5441,196,4.0
5622,86,4.0
5721,48,4.0
670,90,3.0
745,25,3.0
927,191,3.0
949,369,4.0
1174,24,3.0
1734,74,4.0
1867,54,3.0
2002,167,4.0
2301,52,4.0
2645,282,3.0
2658,31,4.0
2830,85,3.0
3271,336,4.0
3308,708,3.0
3705,792,4.0
3853,314,4.0
3901,75,4.0
4331,36,4.0
4398,20,4.0
4600,260,4.0
4621,189,3.0
5169,119,4.0
5436,33,4.0
5877,22,4.0
5994,78,4.0
18,305,4.0
475,247,4.0
947,20,3.0
1044,144,4.0
1246,572,4.0
1292,48,3.0
1361,133,4.0
1719,26,3.0
1741,660,4.0
1762,74,4.0
1768,142,3.0
1900,40,4.0
1929,27,4.0
2066,29,4.0
2117,46,4.0
2425,58,4.0
2501,85,4.0
2507,859,4.0
2626,22,4.0
2859,133,4.0
3148,102,4.0
3394,326,4.0
3395,56,4.0
3769,410,4.0
3831,122,3.0
3874,115,4.0
4310,297,4.0
4330,41,4.0
4549,25,3.0
4707,41,3.0
4795,116,4.0
4941,34,3.0
5380,20,3.0
5706,165,4.0
5831,1220,4.0
5908,206,4.0
74,43,4.0
138,65,4.0
755,126,4.0
934,498,3.0
1097,168,3.0
1117,754,4.0
1204,136,3.0
1258,42,4.0
1424,44,3.0
1713,21,3.0
1928,212,4.0
2095,75,3.0
2377,36,4.0
2509,41,3.0
2570,80,4.0
2982,22,4.0
3583,30,4.0
3729,443,4.0
4121,127,4.0
4171,147,4.0
4196,29,4.0
4373,303,4.0
4574,50,4.0
4985,152,4.0
5034,141,4.0
5582,136,5.0
5673,68,4.0
6033,60,4.0
104,46,3.0
180,59,4.0
468,26,4.0
483,29,3.0
643,70,3.0
656,177,4.0
917,29,4.0
932,20,4.0
1416,22,4.0
1803,284,3.0
2118,87,5.0
2140,206,4.0
2265,232,4.0
2673,20,4.0
2700,294,3.0
2838,39,5.0
2979,44,4.0
3227,342,4.0
3368,97,4.0
3416,470,4.0
3470,84,4.0
3596,128,5.0
3870,26,4.0
4467,180,3.0
5435,46,4.0
5455,135,4.0
5477,25,4.0
5544,47,4.0
5565,184,4.0
5636,848,3.0
5754,353,3.0
5802,40,4.0
5809,248,4.0
6039,123,4.0
134,183,3.0
584,38,4.0
841,26,4.0
878,49,4.0
991,60,4.0
1857,41,4.0
1933,30,3.0
2110,221,3.0
2182,24,4.0
2417,29,4.0
2546,118,3.0
2973,62,3.0
3088,50,4.0
3291,20,4.0
4214,39,4.0
4234,159,4.0
4367,119,4.0
4797,57,4.0
5083,285,4.0
5107,606,3.0
5301,139,3.0
5566,127,4.0
5901,30,3.0
6025,271,3.0
407,32,3.0
521,41,4.0
788,196,4.0
2184,30,4.0
2643,454,3.0
2730,157,4.0
2733,99,4.0
3345,141,4.0
4106,28,3.0
4178,20,4.0
4811,42,4.0
5389,154,3.0
5403,162,4.0
5530,652,3.0
5833,88,4.0
5848,409,4.0
617,23,4.0
701,82,4.0
963,424,3.0
1009,52,4.0
1107,78,4.0
1387,223,4.0
2021,149,4.0
2599,229,4.0
2690,23,4.0
2713,25,3.0
3542,22,3.0
3688,304,4.0
3696,150,4.0
3782,65,4.0
3993,351,3.0
4232,52,4.0
4421,24,3.0
4607,504,4.0
5289,470,4.0
5979,33,4.0
36,351,4.0
187,417,4.0
208,184,4.0
315,22,4.0
393,74,4.0
954,126,4.0
1217,51,4.0
1277,37,4.0
1359,96,4.0
1656,25,3.0
1882,223,4.0
1993,20,4.0
2057,65,4.0
2086,30,4.0
2208,265,4.0
2370,76,4.0
2454,301,3.0
2511,29,4.0
2558,48,4.0
2746,57,4.0
3046,77,3.0
3381,29,3.0
3402,330,4.0
3444,110,3.0
3568,102,4.0
3712,140,4.0
3778,941,3.0
3846,70,4.0
4319,51,4.0
4380,151,4.0
4484,272,4.0
4513,35,4.0
4618,76,4.0
5133,65,3.0
5745,72,4.0
5883,26,3.0
5990,286,3.0
89,21,3.0
401,78,4.0
422,47,3.0
517,166,4.0
1138,89,4.0
1413,185,4.0
1476,70,4.0
2310,101,4.0
2376,494,3.0
2457,499,3.0
2487,37,4.0
2555,158,4.0
2706,25,4.0
2965,27,4.0
3050,64,4.0
3053,184,3.0
3245,79,3.0
3376,20,3.0
3406,41,4.0
3523,39,4.0
3668,38,4.0
3825,491,3.0
3836,510,3.0
3910,261,4.0
4173,56,4.0
4585,321,4.0
5125,34,4.0
5391,23,3.0
5431,88,4.0
5581,37,4.0
5806,221,4.0
5836,50,4.0
5911,171,4.0
